-- phpMyAdmin SQL Dump
-- version 4.6.6deb5
-- https://www.phpmyadmin.net/
--
-- Host: localhost:3306
-- Generation Time: Nov 14, 2019 at 02:45 AM
-- Server version: 10.1.41-MariaDB-0ubuntu0.18.04.1
-- PHP Version: 5.6.40-12+ubuntu18.04.1+deb.sury.org+1

SET SQL_MODE = "NO_AUTO_VALUE_ON_ZERO";
SET time_zone = "+00:00";


/*!40101 SET @OLD_CHARACTER_SET_CLIENT=@@CHARACTER_SET_CLIENT */;
/*!40101 SET @OLD_CHARACTER_SET_RESULTS=@@CHARACTER_SET_RESULTS */;
/*!40101 SET @OLD_COLLATION_CONNECTION=@@COLLATION_CONNECTION */;
/*!40101 SET NAMES utf8mb4 */;

--
-- Database: `jiier`
--

-- --------------------------------------------------------

--
-- Table structure for table `jiier_degree`
--

CREATE TABLE `jiier_degree` (
  `id` int(10) NOT NULL,
  `program_id` int(10) NOT NULL,
  `degree_name` varchar(100) DEFAULT NULL
) ENGINE=InnoDB DEFAULT CHARSET=latin1;

--
-- Dumping data for table `jiier_degree`
--

INSERT INTO `jiier_degree` (`id`, `program_id`, `degree_name`) VALUES
(1, 1, 'Polytechnic'),
(2, 1, 'BE / B Tech'),
(3, 1, 'ME / M.Tech'),
(4, 2, 'Skill Development'),
(5, 3, 'Vocational Diploma'),
(6, 3, 'Vocational PG Diploma'),
(7, 4, 'Bachelor (UG)'),
(8, 4, 'Master (PG)'),
(9, 5, 'Medical Diploma'),
(10, 5, 'Medical Bachelor'),
(11, 6, 'Management Diploma'),
(12, 6, 'Management BBA'),
(13, 6, 'Management MBA'),
(14, 7, 'Education Diploma'),
(15, 7, 'Bachelor of Education'),
(16, 7, 'Master of Education'),
(17, 7, 'Education Master of Philosophy'),
(18, 8, 'Management Research'),
(19, 8, 'Engineering Research'),
(20, 8, 'Science And Humanities');

-- --------------------------------------------------------

--
-- Table structure for table `jiier_degree_type`
--

CREATE TABLE `jiier_degree_type` (
  `id` int(10) NOT NULL,
  `degree_id` int(10) NOT NULL,
  `degree_type_name` varchar(100) NOT NULL
) ENGINE=InnoDB DEFAULT CHARSET=latin1;

--
-- Dumping data for table `jiier_degree_type`
--

INSERT INTO `jiier_degree_type` (`id`, `degree_id`, `degree_type_name`) VALUES
(1, 1, 'AGRICULTURE ENGINEERING'),
(2, 1, 'AERONAUTICAL ENGINEERING'),
(3, 1, 'AUTOMOBILE ENGINEERING'),
(4, 1, 'BIO ENGINEERING'),
(5, 1, 'CIVIL AND ARCHITECTURAL ENGINEERING'),
(6, 1, 'COMPUTER AND COMMUNICATION ENGINEERING'),
(7, 1, 'CHEMICAL AND PETROLEUM ENGINEERING'),
(8, 1, 'ELECTRICAL AN DELECTRONICS ENGINEERING'),
(9, 1, 'ENVIRONMENTAL AN DSAFETY ENGINEERING'),
(10, 1, 'MECHANICAL ENGINEERING'),
(11, 1, 'MARINE ENGINEERING'),
(12, 1, 'MINING ENGINEERING'),
(13, 1, 'PRINTING AN DPACKING ENGINEERING'),
(14, 1, 'TEXTILES, APPAREL AND FOOTWEAR ENGINEERING'),
(15, 2, 'AGRICULTURE ENGINEERING'),
(16, 2, 'AERONAUTICAL ENGINEERING'),
(17, 2, 'AUTOMOBILE ENGINEERING'),
(18, 2, 'BIO ENGINEERING'),
(19, 2, 'COMPUTER AND COMMUNICATION ENGINEERING'),
(20, 2, 'CIVIL AND ARCITECTURAL ENGINEERING'),
(21, 2, 'CHEMICAL AND PETROLEUM ENGINEERING'),
(22, 2, 'ENVIRONMENTAL AND SAFETY ENGINEERING'),
(23, 2, 'ELECTRICAL AND ELECTRONICS ENGINEERING'),
(24, 2, 'ENERGY ENGINEERING'),
(25, 2, 'FOOD ENGINEERING'),
(26, 2, 'MECHANICAL ENGINEERING'),
(27, 2, 'MARINE ENGINEERING'),
(28, 2, 'MINING ENGINEERING'),
(29, 2, 'PRINTING AND PACKAGING ENGINEERING'),
(30, 2, 'TEXTILE, APPAREL AND FOOTWEAR ENGINEERING'),
(31, 3, 'AGRICULTURE ENGINEERING'),
(32, 3, 'AERONAUTICAL ENGINEERING'),
(33, 3, 'AUTOMOBILE ENGINEERING'),
(34, 3, 'BIO ENGINEERING'),
(35, 3, 'COMPUTER AND COMMUNICATION ENGINEERING'),
(36, 3, 'CIVIL AND ARCHITECTURAL ENGINEERING'),
(37, 3, 'CHEMICAL AND PETROLEUM ENGINEERING'),
(38, 3, 'PLASTIC ENGINEERING TECHNOLOGY'),
(39, 3, 'ELECTRICAL AND ELECTRONICS ENGINEERING'),
(40, 3, 'ENVIRONMENTAL AND SAFETY ENGINEERING'),
(41, 3, 'ENERGY ENGINEERING'),
(42, 3, 'FOOD ENGINEERING'),
(43, 3, 'MECHANICAL ENGINEERING'),
(44, 3, 'MECHANICAL ENGINEERING'),
(45, 3, 'MARINE ENGINEERING'),
(46, 3, 'MINING ENGINEERING'),
(47, 3, 'PRINTING AND PACKAGING ENGINEERING'),
(48, 3, 'TEXTILE, APPAREL AND FOOT WEAR ENGINEERING'),
(49, 4, 'AGRICULTURE'),
(50, 4, 'APPAREL'),
(51, 4, 'AUTOMOTIVE'),
(52, 4, 'BEAUTY AND WELLNESS'),
(53, 4, 'BFSI'),
(54, 4, 'CAPITAL GOODS'),
(55, 4, 'CAPITAL FOODS'),
(56, 4, 'CONSTRUCTION'),
(57, 4, 'DOMESTIC WORKS'),
(58, 4, 'ELECTRONICS '),
(59, 4, 'FOOD PROCESSING'),
(60, 4, 'FURNITURE & FITTINGS'),
(61, 4, 'GEMS & JEWELLERY'),
(62, 4, 'GREEN JOBS'),
(63, 4, 'HANDICRAFTS'),
(64, 4, 'HEALTH CARE'),
(65, 4, 'INFRASTRUCTURE'),
(66, 4, 'IRON & STEEL'),
(67, 4, 'IT- ITES'),
(68, 4, 'LEATHER'),
(69, 4, 'LIFE SCIENCE'),
(70, 4, 'LOGISTICS'),
(71, 4, 'MEDIA & ENTERTAINMENT'),
(72, 4, 'MINING'),
(73, 4, 'PLUMBING'),
(74, 4, 'POWER'),
(75, 4, 'RETAIL'),
(76, 4, 'RUBBER'),
(77, 4, 'SECURITY'),
(78, 4, 'TELECOM'),
(79, 4, 'TEXTILE'),
(80, 4, 'TOURISM & HOSPITALITY'),
(81, 5, 'SHIPPING'),
(82, 5, 'SPORTS'),
(83, 5, 'TECHNICAL-MECHANICAL, ELECTRICAL AND INSTRUMENTATIONS'),
(84, 5, 'AVIATION'),
(85, 5, 'AGRICULTURE'),
(86, 5, 'AUTOMOBILE'),
(87, 5, 'ARTS'),
(88, 5, 'CIVIL & ARCHITECTURAL'),
(89, 5, 'COMMUNICATIVE & SOFT SKILLS EDUCATION'),
(90, 5, 'COMPUTER AND INFORMATION TECHNOLOGY'),
(91, 5, 'BEAUTY AND WELLNESS'),
(92, 5, 'ELECTRICAL & ELECTRONICS EDUCATION'),
(93, 5, 'FASHION TECHNOLOGY'),
(94, 5, 'FIRE & SAFTY TECHNOLOGY'),
(95, 5, 'FOREST & ENVIRONMENTAL SCHOOL'),
(96, 5, 'GEM & JEWELLERY'),
(97, 5, 'INTERIOR & EXTERIOR TECHNOLOGY'),
(98, 5, 'HOTEL MANAGEMENT & TOURISM'),
(99, 5, 'MEDIA'),
(100, 5, 'MUSIC,ACTION,DANCE AND DRAMA'),
(101, 5, 'ACCOUNTING'),
(102, 5, 'ACUPUNCTURE'),
(103, 5, 'AYURVEDA'),
(104, 5, 'HEALTH CARE'),
(105, 5, 'HOMEOPATHY'),
(106, 5, 'REHABILITATION'),
(107, 5, 'SIDDHA'),
(108, 5, 'UNANI'),
(109, 5, 'YOGA AND NATUROPATHY'),
(110, 5, 'VETERINARY'),
(111, 6, 'AGRICULTURE'),
(112, 6, 'ARTS'),
(113, 6, 'CIVIL & ARCHITECTURAL'),
(114, 6, 'COMPUTER AND INFORMATION TECHNOLOGY'),
(115, 6, 'FASHION TECHNOLOGY'),
(116, 6, 'AUTOMOBILE'),
(117, 6, 'AVIATION'),
(118, 6, 'FIRE & SAFTY TECHNOLOGY'),
(119, 6, 'HOTEL MANAGEMENT & TOURISM'),
(120, 6, 'MEDIA'),
(121, 6, 'HEALTH CARE'),
(122, 6, 'SHIPPING'),
(123, 6, 'MUSIC, ACTION, DANCE AND DRAMA'),
(124, 7, 'B.Sc / B.Com / BCA'),
(125, 8, 'M.Sc / M.Com / MCA'),
(126, 9, 'ALLIED HEALTH'),
(127, 9, 'ACUPUNCTURE'),
(128, 9, 'AYURVEDA'),
(129, 9, 'YOGA AND NATUROPATHY'),
(130, 9, 'HOMOEOPATHY'),
(131, 9, 'SIDDHA'),
(132, 9, 'UNANI'),
(133, 9, 'REHABILITATION'),
(134, 9, 'VETERINARY'),
(135, 10, 'PG COURCESS'),
(136, 11, 'DIPLOMA COURSES\r\n'),
(137, 12, 'BBA COURSES\r\n'),
(138, 13, 'MBA / EMBA) COURSES'),
(139, 14, 'DIPLOMA'),
(140, 15, 'B.Ed / M.Ed'),
(141, 16, 'Master of Philosophy   (M.Phill)'),
(142, 17, 'B.P.Ed / M.P.Ed '),
(143, 18, 'ENGINEERING DISCIPLINES'),
(144, 19, 'MANAGEMENT'),
(145, 20, 'ALL SCIENCE AND HUMANITIES');

-- --------------------------------------------------------

--
-- Table structure for table `jiier_fees`
--

CREATE TABLE `jiier_fees` (
  `id` int(10) NOT NULL,
  `program` varchar(100) NOT NULL,
  `fees_details` varchar(100) NOT NULL
) ENGINE=InnoDB DEFAULT CHARSET=latin1;

--
-- Dumping data for table `jiier_fees`
--

INSERT INTO `jiier_fees` (`id`, `program`, `fees_details`) VALUES
(1, '10th', '16000'),
(2, '12th', '18000'),
(3, 'ITI', '16000'),
(4, 'ITI (2YEAR)', '22000'),
(5, 'VOCATIONAL DIPLOMA (1 YEAR)', '12000'),
(6, 'ADVANCED DIPLOMA (I YEAR)', '16000'),
(7, 'PG DIPLOMA (1 YEAR)', '18000'),
(8, 'SKILL DEVELOPMENT COURSES', '9000'),
(9, 'DIPLOMA POLYTECHNIC (ALL STREEMS)', '12000 PER SEM'),
(10, 'BE (ALL STREEMS)', '15000 PER SEM'),
(11, 'M.E, M.TECH', '17000 PER SEM'),
(12, 'BA, B.COM, BBA', '8000 PER SEM'),
(13, 'MBA, M.Sc.', '12000 PER SEM'),
(14, 'B.ED', '40000 YEAR'),
(15, 'PHD', '20000 PER SEM');

-- --------------------------------------------------------

--
-- Table structure for table `jiier_paper`
--

CREATE TABLE `jiier_paper` (
  `id` int(10) NOT NULL,
  `program_id` int(10) NOT NULL,
  `degree_id` int(10) NOT NULL,
  `degree_type_id` int(10) NOT NULL,
  `paper_name` varchar(100) NOT NULL,
  `year` varchar(10) NOT NULL
) ENGINE=InnoDB DEFAULT CHARSET=latin1;

--
-- Dumping data for table `jiier_paper`
--

INSERT INTO `jiier_paper` (`id`, `program_id`, `degree_id`, `degree_type_id`, `paper_name`, `year`) VALUES
(1, 1, 1, 1, 'Agricultural engineering', '3 Year'),
(2, 1, 1, 2, 'Aeronauticalengineering', '3 Year'),
(3, 1, 1, 3, 'Automobile engineering', '3 Year'),
(4, 1, 1, 4, 'Prosthetics and orthotics engineering', '3 Year'),
(5, 1, 1, 5, 'Civil engineering', '3 Year'),
(6, 1, 1, 5, 'Civil engineering (architecture)', '3 Year'),
(7, 1, 1, 6, 'Computer engineering', '3 Year'),
(8, 1, 1, 6, 'Computer science and engineering', '3 Year'),
(9, 1, 1, 6, 'Electronics and communication engineering', '3 Year'),
(10, 1, 1, 7, 'Chemical engineering', '3 Year'),
(11, 1, 1, 7, 'Petrochemical engineering', '3 Year'),
(12, 1, 1, 7, 'Plastic engineering', '3 Year'),
(13, 1, 1, 7, 'Polymer engineering', '3 Year'),
(14, 1, 1, 7, 'Petroleum engineering', '3 Year'),
(15, 1, 1, 8, 'Electrical and electronics engineering', '3 Year'),
(16, 1, 1, 8, 'Instrumental and control engineering', '3 Year'),
(17, 1, 1, 9, 'Environmental engineering and pollution control', '3 Year'),
(18, 1, 1, 9, 'Fire and safety engineering', '3 Year'),
(19, 1, 1, 9, 'Industrial engineering', '3 Year'),
(20, 1, 1, 10, 'Mechanical Engineering', '3 Year'),
(21, 1, 1, 10, 'Mechanical engineering (foundry)', '3 Year'),
(22, 1, 1, 10, 'Mechanical Engineering(Machine tool maintenance & repairs)', '3 Year'),
(23, 1, 1, 10, 'Mechanical engineering (Refrigeration& air conditioning)', '3 Year'),
(24, 1, 1, 10, 'Mechanical engineering (tool & die)', '3 Year'),
(25, 1, 1, 10, 'Production engineering', '3 Year'),
(26, 1, 1, 10, 'Manufacturing engineering', '3 Year'),
(27, 1, 1, 11, 'Marine Engineering', '3 Year'),
(28, 1, 1, 12, 'Mining engineering', '3 Year'),
(29, 1, 1, 12, 'Nautical engineering', '3 Year'),
(30, 1, 1, 13, 'Printing engineering', '3 Year'),
(31, 1, 1, 14, 'Leather engineering', '3 Year'),
(32, 1, 1, 14, 'Textile engineering', '3 Year'),
(33, 1, 2, 15, 'Agricultural and irrigation engineering', '4 Year'),
(34, 1, 2, 15, 'Agriculture and food engineering', '4 Year'),
(35, 1, 2, 15, 'Agricultural engineering', '4 Year'),
(36, 1, 2, 15, 'Agriculture information technology', '4 Year'),
(37, 1, 2, 16, 'Aircraft maintenance engineering', '4 Year'),
(38, 1, 2, 16, 'Aeronautical engineering', '4 Year'),
(39, 1, 2, 16, 'Aerospace engineering', '4 Year'),
(40, 1, 2, 16, 'Missile technology', '4 Year'),
(41, 1, 2, 16, 'Avionics engineering', '4 Year'),
(42, 1, 2, 16, 'Space technology', '4 Year'),
(43, 1, 2, 17, 'Automobile engineering', '4 Year'),
(44, 1, 2, 17, 'Automotive design engineering', '4 Year'),
(45, 1, 2, 18, 'Bio informatics', '4 Year'),
(46, 1, 2, 18, 'Bio medical engineering', '4 Year'),
(47, 1, 2, 18, 'Bio medical instrumentation', '4 Year'),
(48, 1, 2, 18, 'Bio process technology', '4 Year'),
(49, 1, 2, 18, 'Bio technology', '4 Year'),
(50, 1, 2, 18, 'Industrial micro biology', '4 Year'),
(51, 1, 2, 18, 'Genetic engineering', '4 Year'),
(52, 1, 2, 18, 'Molecular & cellular engineering', '4 Year'),
(53, 1, 2, 18, 'Pharmaceutical technology', '4 Year'),
(54, 1, 2, 19, 'Cloud computing &virtualization technology', '4 Year'),
(55, 1, 2, 19, 'Computer and information science', '4 Year'),
(56, 1, 2, 19, 'Computer engineering', '4 Year'),
(57, 1, 2, 19, 'Computer science & software engineering', '4 Year'),
(58, 1, 2, 19, 'Cyber Security & Forensic', '4 Year'),
(59, 1, 2, 19, 'Computer science and engineering', '4 Year'),
(60, 1, 2, 19, 'Computer science', '4 Year'),
(61, 1, 2, 19, 'Computer and communication engineering', '4 Year'),
(62, 1, 2, 19, 'Information and communication technology', '4 Year'),
(63, 1, 2, 19, 'Information science & engineering', '4 Year'),
(64, 1, 2, 19, 'Information technology', '4 Year'),
(65, 1, 2, 19, 'Infrastructure engineering', '4 Year'),
(66, 1, 2, 19, 'Instrumentation & control engineering', '4 Year'),
(67, 1, 2, 19, 'Mainframe technology', '4 Year'),
(68, 1, 2, 19, 'Mobile computing', '4 Year'),
(69, 1, 2, 19, 'Software engineering', '4 Year'),
(70, 1, 2, 19, 'Telecommunication engineering', '4 Year'),
(71, 1, 2, 20, 'Architectural engineering', '4 Year'),
(72, 1, 2, 20, 'Ceramic technology', '4 Year'),
(73, 1, 2, 20, 'Ceramic & cement technology', '4 Year'),
(74, 1, 2, 20, 'Construction technology', '4 Year'),
(75, 1, 2, 20, 'Chemical science and technology', '4 Year'),
(76, 1, 2, 20, 'Civil and transportation engineering', '4 Year'),
(77, 1, 2, 20, 'Civil engineering', '4 Year'),
(78, 1, 2, 20, 'Civil infrastructure engineering', '4 Year'),
(79, 1, 2, 20, 'Water resource engineering', '4 Year'),
(80, 1, 2, 20, 'Urban & regional planning', '4 Year'),
(81, 1, 2, 21, 'Bio chemical engineering', '4 Year'),
(82, 1, 2, 21, 'Bio technology and Bio chemical engineering', '4 Year'),
(83, 1, 2, 21, 'Chemical and electro chemical engineering', '4 Year'),
(84, 1, 2, 21, 'Chemical engineering', '4 Year'),
(85, 1, 2, 21, 'Gas & applied petroleum engineering', '4 Year'),
(86, 1, 2, 21, 'Oil & gas informatics', '4 Year'),
(87, 1, 2, 21, 'Oils, oleo chemicals& surfactants technology', '4 Year'),
(88, 1, 2, 21, 'Petro chemical engineering', '4 Year'),
(89, 1, 2, 21, 'Petroleum engineering', '4 Year'),
(90, 1, 2, 21, 'Petroleum refining and petro chemicals engineering', '4 Year'),
(91, 1, 2, 21, 'Petro chemical technology', '4 Year'),
(92, 1, 2, 21, 'Textile chemistry', '4 Year'),
(93, 1, 2, 21, 'Paint technology', '4 Year'),
(94, 1, 2, 21, 'Plastic and polymer engineering', '4 Year'),
(95, 1, 2, 21, 'Plastic technology', '4 Year'),
(96, 1, 2, 21, 'Polymer engineering', '4 Year'),
(97, 1, 2, 21, 'Polymer science and chemical technology', '4 Year'),
(98, 1, 2, 21, 'Rubber and plastic technology engineering', '4 Year'),
(99, 1, 2, 21, 'Rubber technology', '4 Year'),
(100, 1, 2, 21, 'Upstream & applied petroleum engineering', '4 Year'),
(101, 1, 2, 21, 'Surface coating technology', '4 Year'),
(102, 1, 2, 22, 'Environmental engineering', '4 Year'),
(103, 1, 2, 22, 'Safety and fire engineering', '4 Year'),
(104, 1, 2, 23, 'Applied electronics and instrumentation', '4 Year'),
(105, 1, 2, 23, 'Applied electronics engineering', '4 Year'),
(106, 1, 2, 23, 'Electrical and electronics engineering', '4 Year'),
(107, 1, 2, 23, 'Electrical engineering', '4 Year'),
(108, 1, 2, 23, 'Electronic instrumentation and control', '4 Year'),
(109, 1, 2, 23, 'Electronics & media technology', '4 Year'),
(110, 1, 2, 23, 'Electronics & telecom engineering', '4 Year'),
(111, 1, 2, 23, 'Electronics and communication engineering', '4 Year'),
(112, 1, 2, 23, 'Electronics and instrumentation engineering', '4 Year'),
(113, 1, 2, 23, 'Electronics and nanotechnology', '4 Year'),
(114, 1, 2, 23, 'Electronics control system engg/electronics', '4 Year'),
(115, 1, 2, 23, 'Medical electronics', '4 Year'),
(116, 1, 2, 23, 'Photonic engineering', '4 Year'),
(117, 1, 2, 23, 'TV, film production and media technology', '4 Year'),
(118, 1, 2, 24, 'Power energy', '4 Year'),
(119, 1, 2, 24, 'Power system engineering', '4 Year'),
(120, 1, 2, 24, 'Energy technology', '4 Year'),
(121, 1, 2, 24, 'Nuclear power technology', '4 Year'),
(122, 1, 2, 24, 'Nuclear science & engineering', '4 Year'),
(123, 1, 2, 25, 'Food technology', '4 Year'),
(124, 1, 2, 25, 'Sugar and alcohol technology', '4 Year'),
(125, 1, 2, 25, 'Dairy technology', '4 Year'),
(126, 1, 2, 26, 'Mechanical & automation engineering', '4 Year'),
(127, 1, 2, 26, 'Industrial engineering & management', '4 Year'),
(128, 1, 2, 26, 'Industrial engineering', '4 Year'),
(129, 1, 2, 26, 'Industrial & production engineering', '4 Year'),
(130, 1, 2, 26, 'Applied mechanics', '4 Year'),
(131, 1, 2, 26, 'Mechanical engineering and product design', '4 Year'),
(132, 1, 2, 26, 'Production engineering', '4 Year'),
(133, 1, 2, 26, 'Manufacturing technology', '4 Year'),
(134, 1, 2, 26, 'Mechanical engineering', '4 Year'),
(135, 1, 2, 26, 'Mechatronics engineering', '4 Year'),
(136, 1, 2, 26, 'Metallurgical engineering', '4 Year'),
(137, 1, 2, 26, 'Metallurgy', '4 Year'),
(138, 1, 2, 26, 'Material science engineering', '4 Year'),
(139, 1, 2, 26, 'Nano technology', '4 Year'),
(140, 1, 2, 26, 'Robotics engineering', '4 Year'),
(141, 1, 2, 27, 'Marine engineering', '4 Year'),
(142, 1, 2, 27, 'Naval architecture & ocean engineering', '4 Year'),
(143, 1, 2, 27, 'Naval architecture and ship building', '4 Year'),
(144, 1, 2, 28, 'Mining engineering', '4 Year'),
(145, 1, 2, 28, 'Mineral engineering', '4 Year'),
(146, 1, 2, 28, 'Geo informatics engineering', '4 Year'),
(147, 1, 2, 28, 'Geo sciences engineering', '4 Year'),
(148, 1, 2, 29, 'Printing technology', '4 Year'),
(149, 1, 2, 29, 'Printing, graphics and packaging', '4 Year'),
(150, 1, 2, 29, 'Packaging technology', '4 Year'),
(151, 1, 2, 30, 'Apparel production technology', '4 Year'),
(152, 1, 2, 30, 'Fashion and lifestyle design', '4 Year'),
(153, 1, 2, 30, 'Fashion technology', '4 Year'),
(154, 1, 2, 30, 'Fibbers& textiles processing technology', '4 Year'),
(155, 1, 2, 30, 'Footwear technology', '4 Year'),
(156, 1, 2, 30, 'Leather technology', '4 Year'),
(157, 1, 2, 30, 'Silk technology', '4 Year'),
(158, 1, 2, 30, 'Carpet & textile technology', '4 Year'),
(159, 1, 2, 30, 'Manmade fibber technology', '4 Year'),
(160, 1, 2, 30, 'Textile technology', '4 Year'),
(161, 1, 3, 31, 'AgriculturalEngineering', '2 Year'),
(162, 1, 3, 31, 'Agricultural process and food engineering', '2 Year'),
(163, 1, 3, 31, 'Agricultural system and management', '2 Year'),
(164, 1, 3, 31, 'Agricultural water management', '2 Year'),
(165, 1, 3, 31, 'Aqua cultural engineering', '2 Year'),
(166, 1, 3, 31, 'Farm machinery and power engineering', '2 Year'),
(167, 1, 3, 31, 'Farm power & machinery', '2 Year'),
(168, 1, 3, 31, 'Green energy technology', '2 Year'),
(169, 1, 3, 31, 'Postharvest engineering and technology', '2 Year'),
(170, 1, 3, 31, 'Postharvest processing and food engineering', '2 Year'),
(171, 1, 3, 32, 'Aeronautical engineering', '2 Year'),
(172, 1, 3, 32, 'Aerospace engineering', '2 Year'),
(173, 1, 3, 32, 'Air craft design', '2 Year'),
(174, 1, 3, 32, 'Cryogenic engineering', '2 Year'),
(175, 1, 3, 32, 'Rock engineering and underground structure', '2 Year'),
(176, 1, 3, 32, 'Rock excavation engineering', '2 Year'),
(177, 1, 3, 32, 'Space technology and applications', '2 Year'),
(178, 1, 3, 33, 'Automobile engineering', '2 Year'),
(179, 1, 3, 33, 'Automotive product design', '2 Year'),
(180, 1, 3, 33, 'Combustion and propulsion', '2 Year'),
(181, 1, 3, 33, 'Internal combustion engineering', '2 Year'),
(182, 1, 3, 34, 'Bio mineral processing', '2 Year'),
(183, 1, 3, 34, 'Bio pharmaceutical technology', '2 Year'),
(184, 1, 3, 34, 'Bio medical engineering', '2 Year'),
(185, 1, 3, 34, 'Bio medical signal processing & instrumentation', '2 Year'),
(186, 1, 3, 34, 'Bio chemical engineering', '2 Year'),
(187, 1, 3, 34, 'Bio electronics', '2 Year'),
(188, 1, 3, 34, 'Bio energy', '2 Year'),
(189, 1, 3, 34, 'Bio informatics', '2 Year'),
(190, 1, 3, 34, 'Bio medical instrumentation', '2 Year'),
(191, 1, 3, 34, 'Bio technology and bio chemical engineering', '2 Year'),
(192, 1, 3, 34, 'Bio technology and bio process engineering', '2 Year'),
(193, 1, 3, 34, 'Bio technology', '2 Year'),
(194, 1, 3, 34, 'Clinical engineering', '2 Year'),
(195, 1, 3, 34, 'Cosmetic technology', '2 Year'),
(196, 1, 3, 34, 'Industrial bio technology', '2 Year'),
(197, 1, 3, 34, 'Molecular biology and human genetics', '2 Year'),
(198, 1, 3, 34, 'Pharmaceutical bio technology', '2 Year'),
(199, 1, 3, 34, 'Pharmaceutical technology', '2 Year'),
(200, 1, 3, 35, 'Communication systems', '2 Year'),
(201, 1, 3, 35, 'Computing', '2 Year'),
(202, 1, 3, 35, 'Communication and signal processing', '2 Year'),
(203, 1, 3, 35, 'Communication engineering', '2 Year'),
(204, 1, 3, 35, 'Communication systems', '2 Year'),
(205, 1, 3, 35, 'Computer and communication engineering', '2 Year'),
(206, 1, 3, 35, 'Computer and information science', '2 Year'),
(207, 1, 3, 35, 'Computer applications in industrial drives', '2 Year'),
(208, 1, 3, 35, 'Computer applications', '2 Year'),
(209, 1, 3, 35, 'Artificial intelligence', '2 Year'),
(210, 1, 3, 35, 'Computational linguistics', '2 Year'),
(211, 1, 3, 35, 'Computational seismology', '2 Year'),
(212, 1, 3, 35, 'Computer network engineering', '2 Year'),
(213, 1, 3, 35, 'Computer engineering and information security', '2 Year'),
(214, 1, 3, 35, 'Computer system and net working', '2 Year'),
(215, 1, 3, 35, 'Computer technology', '2 Year'),
(216, 1, 3, 35, 'Cyber security', '2 Year'),
(217, 1, 3, 35, 'Database systems', '2 Year'),
(218, 1, 3, 35, 'Digital communication engineering', '2 Year'),
(219, 1, 3, 35, 'Computer vision and image processing', '2 Year'),
(220, 1, 3, 35, 'Corrosion science & technology', '2 Year'),
(221, 1, 3, 35, 'Digital electronics', '2 Year'),
(222, 1, 3, 35, 'Digital system and signal processing', '2 Year'),
(223, 1, 3, 35, 'Information & communication system', '2 Year'),
(224, 1, 3, 35, 'Information and communication technology', '2 Year'),
(225, 1, 3, 35, 'Information architecture & software engineering', '2 Year'),
(226, 1, 3, 35, 'Information security and cyber forensics', '2 Year'),
(227, 1, 3, 35, 'Information security', '2 Year'),
(228, 1, 3, 35, 'Information technology', '2 Year'),
(229, 1, 3, 35, 'Intelligent system', '2 Year'),
(230, 1, 3, 35, 'Image processing', '2 Year'),
(231, 1, 3, 35, 'Computer engineering and data processing', '2 Year'),
(232, 1, 3, 35, 'Digital electronics and communication systems', '2 Year'),
(233, 1, 3, 35, 'Digital signal and image processing', '2 Year'),
(234, 1, 3, 35, 'Internet and communication technology', '2 Year'),
(235, 1, 3, 35, 'Optical engineering', '2 Year'),
(236, 1, 3, 35, 'Optical and wireless communication technologies', '2 Year'),
(237, 1, 3, 35, 'Optics and optoelectronics', '2 Year'),
(238, 1, 3, 35, 'Optoelectronics and laser technology', '2 Year'),
(239, 1, 3, 35, 'Optoelectronics and optical communication', '2 Year'),
(240, 1, 3, 35, 'Media and sound engineering', '2 Year'),
(241, 1, 3, 35, 'Medical imaging and image analysis', '2 Year'),
(242, 1, 3, 35, 'Multimedia technology', '2 Year'),
(243, 1, 3, 35, 'Mobile computing technology', '2 Year'),
(244, 1, 3, 35, 'Network and internet engineering', '2 Year'),
(245, 1, 3, 35, 'Network communication and security', '2 Year'),
(246, 1, 3, 35, 'Network engineering', '2 Year'),
(247, 1, 3, 35, 'Main frame technology', '2 Year'),
(248, 1, 3, 35, 'Network management and information security', '2 Year'),
(249, 1, 3, 35, 'Wireless and mobile communications', '2 Year'),
(250, 1, 3, 35, 'Wireless communication and computing', '2 Year'),
(251, 1, 3, 35, 'Wireless communication', '2 Year'),
(252, 1, 3, 35, 'Scientific computing', '2 Year'),
(253, 1, 3, 35, 'Sensor system technology', '2 Year'),
(254, 1, 3, 35, 'Signal processing', '2 Year'),
(255, 1, 3, 35, 'Soft computing and machine learning', '2 Year'),
(256, 1, 3, 35, 'Software engineering', '2 Year'),
(257, 1, 3, 35, 'Tele communication engineering', '2 Year'),
(258, 1, 3, 35, 'Telematics & signal processing', '2 Year'),
(259, 1, 3, 35, 'RF &Microwave communications', '2 Year'),
(260, 1, 3, 35, 'Web technologies', '2 Year'),
(261, 1, 3, 35, 'Spatial information technology', '2 Year'),
(262, 1, 3, 36, 'Building technology and construction management', '2 Year'),
(263, 1, 3, 36, 'Ceramic technology', '2 Year'),
(264, 1, 3, 36, 'Chemical synthesis and process technologies', '2 Year'),
(265, 1, 3, 36, 'Chemical technology', '2 Year'),
(266, 1, 3, 36, 'Civil engineering', '2 Year'),
(267, 1, 3, 36, 'Civil structural design', '2 Year'),
(268, 1, 3, 36, 'Civil soil mechanic and foundation engineering', '2 Year'),
(269, 1, 3, 36, 'Computer aided structural engineering', '2 Year'),
(270, 1, 3, 36, 'Construction engineering and management', '2 Year'),
(271, 1, 3, 36, 'Construction technology', '2 Year'),
(272, 1, 3, 36, 'Highway technology', '2 Year'),
(273, 1, 3, 36, 'Hydraulics & water resources engineering', '2 Year'),
(274, 1, 3, 36, 'Hydraulics and irrigation engineering', '2 Year'),
(275, 1, 3, 36, 'Infrastructure engineering and management', '2 Year'),
(276, 1, 3, 36, 'Civil engineering in geo technical engineering', '2 Year'),
(277, 1, 3, 36, 'Civil engineering in structural engineering', '2 Year'),
(278, 1, 3, 36, 'Irrigation and drainage engineering', '2 Year'),
(279, 1, 3, 36, 'Town & country planning', '2 Year'),
(280, 1, 3, 36, 'Traffic and transportation planning', '2 Year'),
(281, 1, 3, 36, 'Transportation engineering', '2 Year'),
(282, 1, 3, 36, 'Urban planning', '2 Year'),
(283, 1, 3, 36, 'Water resources engineering', '2 Year'),
(284, 1, 3, 36, 'Soil and water engineering', '2 Year'),
(285, 1, 3, 36, 'Soil and water conservation engineering', '2 Year'),
(286, 1, 3, 36, 'Structural and foundation engineering', '2 Year'),
(287, 1, 3, 36, 'Structural engineering and natural disaster management', '2 Year'),
(288, 1, 3, 36, 'Structural engineering & construction management', '2 Year'),
(289, 1, 3, 36, 'Structural engineering', '2 Year'),
(290, 1, 3, 37, 'Drilling engineering', '2 Year'),
(291, 1, 3, 37, 'Dyestuff technology', '2 Year'),
(292, 1, 3, 37, 'Fuel & combustion', '2 Year'),
(293, 1, 3, 37, 'Fuel engineering', '2 Year'),
(294, 1, 3, 37, 'Petroleum exploration', '2 Year'),
(295, 1, 3, 37, 'Petroleum geology', '2 Year'),
(296, 1, 3, 37, 'Petroleum processing & petro chemical engineering', '2 Year'),
(297, 1, 3, 37, 'Petroleum refining and petro chemicals', '2 Year'),
(298, 1, 3, 37, 'Petroleum technology', '2 Year'),
(299, 1, 3, 38, 'Polymer Nano technology', '2 Year'),
(300, 1, 3, 38, 'Polymer technology', '2 Year'),
(301, 1, 3, 38, 'Oils, oleachemicals and surfactants technology', '2 Year'),
(302, 1, 3, 38, 'Rubber coating technology', '2 Year'),
(303, 1, 3, 38, 'Oleo chemicals and surfactants tech', '2 Year'),
(304, 1, 3, 38, 'Surface coating technology', '2 Year'),
(305, 1, 3, 39, 'Control engineering', '2 Year'),
(306, 1, 3, 39, 'Control systems and instrumentation', '2 Year'),
(307, 1, 3, 39, 'Control systems', '2 Year'),
(308, 1, 3, 39, 'Applied electronics and instrumentation engineering', '2 Year'),
(309, 1, 3, 39, 'Applied electronics', '2 Year'),
(310, 1, 3, 39, 'Electrical machinery design', '2 Year'),
(311, 1, 3, 39, 'Electronics system design engineering', '2 Year'),
(312, 1, 3, 39, 'Electrical devices & power system engineering', '2 Year'),
(313, 1, 3, 39, 'Electrical and Electronics engineering', '2 Year'),
(314, 1, 3, 39, 'Electrical devices & control', '2 Year'),
(315, 1, 3, 39, 'Electrical energy system', '2 Year'),
(316, 1, 3, 39, 'Electrical engineering', '2 Year'),
(317, 1, 3, 39, 'Electronics and telecommunication engineering', '2 Year'),
(318, 1, 3, 39, 'Electronics and communication engineering', '2 Year'),
(319, 1, 3, 39, 'Electronics design and technology', '2 Year'),
(320, 1, 3, 39, 'Electronics engineering', '2 Year'),
(321, 1, 3, 39, 'Embedded system technology', '2 Year'),
(322, 1, 3, 39, 'Industrial electronics', '2 Year'),
(323, 1, 3, 39, 'Industrial process equipment design', '2 Year'),
(324, 1, 3, 39, 'Instrumentation and control engineering', '2 Year'),
(325, 1, 3, 39, 'Instrumentation', '2 Year'),
(326, 1, 3, 39, 'High voltage engineering', '2 Year'),
(327, 1, 3, 39, 'Fibber optics and light wave engineering', '2 Year'),
(328, 1, 3, 39, 'Fibbers and textile processing technology', '2 Year'),
(329, 1, 3, 39, 'Illumination engineering', '2 Year'),
(330, 1, 3, 39, 'Microelectronics and control system', '2 Year'),
(331, 1, 3, 39, 'Micro electronics', '2 Year'),
(332, 1, 3, 39, 'Microelectronics& embedded technology', '2 Year'),
(333, 1, 3, 39, 'Microelectronics and VLSI design', '2 Year'),
(334, 1, 3, 39, 'Power electronics and drives', '2 Year'),
(335, 1, 3, 39, 'Power electronics', '2 Year'),
(336, 1, 3, 39, 'Power system engineering', '2 Year'),
(337, 1, 3, 39, 'Power system and power electronics', '2 Year'),
(338, 1, 3, 39, 'Radio frequency communications', '2 Year'),
(339, 1, 3, 39, 'Real time embedded system', '2 Year'),
(340, 1, 3, 39, 'Real time systems', '2 Year'),
(341, 1, 3, 39, 'Remote sensing& wireless sensor network', '2 Year'),
(342, 1, 3, 39, 'Remote sensing and geo graphic information system in GIS', '2 Year'),
(343, 1, 3, 39, 'Remote sensing', '2 Year'),
(344, 1, 3, 39, 'Visual information processing and embedded systems', '2 Year'),
(345, 1, 3, 39, 'Visual information processing', '2 Year'),
(346, 1, 3, 39, 'Microwave electronics', '2 Year'),
(347, 1, 3, 39, 'VLSI &micro electronics', '2 Year'),
(348, 1, 3, 39, 'VLSI And Computer Engineering', '2 Year'),
(349, 1, 3, 39, 'VLSI design & CAD', '2 Year'),
(350, 1, 3, 39, 'VLSI design & embedded system', '2 Year'),
(351, 1, 3, 39, 'VLSI design', '2 Year'),
(352, 1, 3, 39, 'VLSI system design', '2 Year'),
(353, 1, 3, 39, 'VLSI TECHNOLOGY', '2 Year'),
(354, 1, 3, 39, 'Process instrumentation', '2 Year'),
(355, 1, 3, 39, 'Process control & instrumentation', '2 Year'),
(356, 1, 3, 39, 'Sensors and control systems engineering', '2 Year'),
(357, 1, 3, 39, 'Electronics and instrumentation engineering', '2 Year'),
(358, 1, 3, 39, 'Electronics circuit & system', '2 Year'),
(359, 1, 3, 39, 'Power and energy systems', '2 Year'),
(360, 1, 3, 40, 'Disaster management', '2 Year'),
(361, 1, 3, 40, 'Earth & environmental sciences', '2 Year'),
(362, 1, 3, 40, 'Earth system science and technology', '2 Year'),
(363, 1, 3, 40, 'Earthquake engineering', '2 Year'),
(364, 1, 3, 40, 'Environmental engineering and management', '2 Year'),
(365, 1, 3, 40, 'Environmental engineering', '2 Year'),
(366, 1, 3, 40, 'Environmental geometrics', '2 Year'),
(367, 1, 3, 40, 'Environmental management', '2 Year'),
(368, 1, 3, 40, 'Environmental science and technology', '2 Year'),
(369, 1, 3, 40, 'Health, safety & environmental engineering', '2 Year'),
(370, 1, 3, 40, 'Industrial safety', '2 Year'),
(371, 1, 3, 40, 'Industrial pollution control engineering', '2 Year'),
(372, 1, 3, 41, 'Clean coal & energy technology', '2 Year'),
(373, 1, 3, 41, 'Clean technology', '2 Year'),
(374, 1, 3, 41, 'Energy and environment', '2 Year'),
(375, 1, 3, 41, 'Energy conservation & environment', '2 Year'),
(376, 1, 3, 41, 'Energy engineering', '2 Year'),
(377, 1, 3, 41, 'Energy management and climate change technology', '2 Year'),
(378, 1, 3, 41, 'Energy management', '2 Year'),
(379, 1, 3, 41, 'Energy science and technology', '2 Year'),
(380, 1, 3, 41, 'Energy system engineering', '2 Year'),
(381, 1, 3, 41, 'Energy technology', '2 Year'),
(382, 1, 3, 41, 'Engineering analysis & design', '2 Year'),
(383, 1, 3, 41, 'Nuclear engineering', '2 Year'),
(384, 1, 3, 41, 'Renewable energy engineering and management', '2 Year'),
(385, 1, 3, 41, 'Thermal power engineering', '2 Year'),
(386, 1, 3, 41, 'Solar and alternative energy', '2 Year'),
(387, 1, 3, 41, 'Solar power engineering', '2 Year'),
(388, 1, 3, 42, 'Dairy and food engineering', '2 Year'),
(389, 1, 3, 42, 'Dairy technology', '2 Year'),
(390, 1, 3, 42, 'Food engineering and technology', '2 Year'),
(391, 1, 3, 42, 'Food & nutrition', '2 Year'),
(392, 1, 3, 42, 'Food bio technology', '2 Year'),
(393, 1, 3, 42, 'Food processing technology', '2 Year'),
(394, 1, 3, 42, 'Food technology and bio chemical engineering', '2 Year'),
(395, 1, 3, 42, 'Food technology', '2 Year'),
(396, 1, 3, 42, 'Perfumery & flavour technology', '2 Year'),
(397, 1, 3, 42, 'Process and food engineering', '2 Year'),
(398, 1, 3, 42, 'Sugar engineering', '2 Year'),
(399, 1, 3, 43, 'Advance production system', '2 Year'),
(400, 1, 3, 43, 'Automation & robotics', '2 Year'),
(401, 1, 3, 43, 'Control and automation', '2 Year'),
(402, 1, 3, 43, 'CAD / CAM', '2 Year'),
(403, 1, 3, 43, 'Computer aided design and manufacturing', '2 Year'),
(404, 1, 3, 43, 'Computer integrated manufacturing', '2 Year'),
(405, 1, 3, 43, 'Machinery design', '2 Year'),
(406, 1, 3, 43, 'Manufacturing', '2 Year'),
(407, 1, 3, 43, 'Materials science & technology', '2 Year'),
(408, 1, 3, 43, 'Computer aided design', '2 Year'),
(409, 1, 3, 43, 'Computational analysis in mechanical sciences', '2 Year'),
(410, 1, 3, 43, 'Industrial automation and robotics', '2 Year'),
(411, 1, 3, 43, 'Design & production engineering', '2 Year'),
(412, 1, 3, 44, 'Design engineering', '2 Year'),
(413, 1, 3, 44, 'Engineering design', '2 Year'),
(414, 1, 3, 44, 'Fluids engineering', '2 Year'),
(415, 1, 3, 44, 'Extractive metallurgy', '2 Year'),
(416, 1, 3, 44, 'Heat power', '2 Year'),
(417, 1, 3, 44, 'Heat transfer and thermal power', '2 Year'),
(418, 1, 3, 44, 'Industrial engineering', '2 Year'),
(419, 1, 3, 44, 'Integrated design and manufacturing', '2 Year'),
(420, 1, 3, 44, 'Manufacturing and automation', '2 Year'),
(421, 1, 3, 44, 'Manufacturing and precision engineering', '2 Year'),
(422, 1, 3, 44, 'Manufacturing system engineering', '2 Year'),
(423, 1, 3, 44, 'Manufacturing technology', '2 Year'),
(424, 1, 3, 44, 'Material science and engineering', '2 Year'),
(425, 1, 3, 44, 'Mechanical in weapons', '2 Year'),
(426, 1, 3, 44, 'Mechanical engineering', '2 Year'),
(427, 1, 3, 44, 'Mechanical system design & dynamics', '2 Year'),
(428, 1, 3, 44, 'Mechanical system design', '2 Year'),
(429, 1, 3, 44, 'Mechatronics', '2 Year'),
(430, 1, 3, 44, 'Machine design', '2 Year'),
(431, 1, 3, 44, 'Maintenance engg. Tribology', '2 Year'),
(432, 1, 3, 44, 'Metallurgical & materials engineering', '2 Year'),
(433, 1, 3, 44, 'Meteorology', '2 Year'),
(434, 1, 3, 44, 'Modelling & simulation', '2 Year'),
(435, 1, 3, 44, 'Nano technology', '2 Year'),
(436, 1, 3, 44, 'Pipeline engineering', '2 Year'),
(437, 1, 3, 44, 'Plant design', '2 Year'),
(438, 1, 3, 44, 'Process design engineering', '2 Year'),
(439, 1, 3, 44, 'Process metallurgy', '2 Year'),
(440, 1, 3, 44, 'Product design & manufacturing', '2 Year'),
(441, 1, 3, 44, 'Production & industrial engineering', '2 Year'),
(442, 1, 3, 44, 'Production engineering & system technology', '2 Year'),
(443, 1, 3, 44, 'Production engineering', '2 Year'),
(444, 1, 3, 44, 'Production management', '2 Year'),
(445, 1, 3, 44, 'Production technology & management', '2 Year'),
(446, 1, 3, 44, 'Production technology', '2 Year'),
(447, 1, 3, 44, 'Power system & automation', '2 Year'),
(448, 1, 3, 44, 'Robotics engineering', '2 Year'),
(449, 1, 3, 44, 'Refrigeration & air conditioning', '2 Year'),
(450, 1, 3, 44, 'Thermal engineering', '2 Year'),
(451, 1, 3, 44, 'Thermal science & energy system', '2 Year'),
(452, 1, 3, 44, 'Thermal system design', '2 Year'),
(453, 1, 3, 44, 'Thermal turbo machines', '2 Year'),
(454, 1, 3, 44, 'Tool engineering', '2 Year'),
(455, 1, 3, 44, 'Steel technology', '2 Year'),
(456, 1, 3, 44, 'Turbo machines', '2 Year'),
(457, 1, 3, 44, 'Welding technology', '2 Year'),
(458, 1, 3, 44, 'Reliability engineering', '2 Year'),
(459, 1, 3, 45, 'Ocean engineering and naval architecture', '2 Year'),
(460, 1, 3, 45, 'Ocean engineering', '2 Year'),
(461, 1, 3, 45, 'Ocean technology and management', '2 Year'),
(462, 1, 3, 45, 'Offshore structures', '2 Year'),
(463, 1, 3, 46, 'Gas turbine technology', '2 Year'),
(464, 1, 3, 46, 'Geo technical and geo environmental engineering', '2 Year'),
(465, 1, 3, 46, 'Geo technical engineering', '2 Year'),
(466, 1, 3, 46, 'Long wall & mine mechanisation', '2 Year'),
(467, 1, 3, 46, 'Marine engineering', '2 Year'),
(468, 1, 3, 46, 'Mine planning & design', '2 Year'),
(469, 1, 3, 46, 'Mineral engineering', '2 Year'),
(470, 1, 3, 46, 'Mining engineering', '2 Year'),
(471, 1, 3, 46, 'Mining machinery engineering', '2 Year'),
(472, 1, 3, 46, 'Open cast mining', '2 Year'),
(473, 1, 3, 47, 'Print and graphics communication', '2 Year'),
(474, 1, 3, 48, 'Footwear science and engineering', '2 Year'),
(475, 1, 3, 48, 'Leather technology', '2 Year'),
(476, 1, 3, 48, 'Textile technology', '2 Year'),
(477, 2, 4, 49, 'Agriculture extension executive', '6 to 8 Mon'),
(478, 2, 4, 49, 'Agriculture extension service provider agriculture field officer', '6 to 8 Mon'),
(479, 2, 4, 49, 'Animal health worker', '6 to 8 Mon'),
(480, 2, 4, 49, 'Aquaculture technician', '6 to 8 Mon'),
(481, 2, 4, 49, 'Aquaculture worker', '6 to 8 Mon'),
(482, 2, 4, 49, 'Aquascaping assistant designer', '6 to 8 Mon'),
(483, 2, 4, 49, 'Aquatic micro biology assistant', '6 to 8 Mon'),
(484, 2, 4, 49, 'Artificial insemination technician', '6 to 8 Mon'),
(485, 2, 4, 49, 'Bamboo grower', '6 to 8 Mon'),
(486, 2, 4, 49, 'Banana farmer', '6 to 8 Mon'),
(487, 2, 4, 49, 'Bare foot technician', '6 to 8 Mon'),
(488, 2, 4, 49, 'Bee keeper', '6 to 8 Mon'),
(489, 2, 4, 49, 'Brackish water aquaculture farmer', '6 to 8 Mon'),
(490, 2, 4, 49, 'Broiler poultry farm supervisor', '6 to 8 Mon'),
(491, 2, 4, 49, 'Broiler poultry farm workers', '6 to 8 Mon'),
(492, 2, 4, 49, 'Bulb crop cultivator', '6 to 8 Mon'),
(493, 2, 4, 49, 'Bulk milk cooler ( BMC) operator', '6 to 8 Mon'),
(494, 2, 4, 49, 'Chick grading technician', '6 to 8 Mon'),
(495, 2, 4, 49, 'CA store technician  / operator', '6 to 8 Mon'),
(496, 2, 4, 49, 'Chillies cultivator', '6 to 8 Mon'),
(497, 2, 4, 49, 'Chilling plant technician', '6 to 8 Mon'),
(498, 2, 4, 49, 'Citrus fruit grower', '6 to 8 Mon'),
(499, 2, 4, 49, 'Climate change & risk mitigation manager', '6 to 8 Mon'),
(500, 2, 4, 49, 'Coconut grower', '6 to 8 Mon'),
(501, 2, 4, 49, 'Coffee plantation worker', '6 to 8 Mon'),
(502, 2, 4, 49, 'Cold storage manager', '6 to 8 Mon'),
(503, 2, 4, 49, 'Cold storage supervisor', '6 to 8 Mon'),
(504, 2, 4, 49, 'Cold store keeper', '6 to 8 Mon'),
(505, 2, 4, 49, 'Community mobilize', '6 to 8 Mon'),
(506, 2, 4, 49, 'Community service provider', '6 to 8 Mon'),
(507, 2, 4, 49, 'Composite fish culture farmer', '6 to 8 Mon'),
(508, 2, 4, 49, 'Coriander cultivator', '6 to 8 Mon'),
(509, 2, 4, 49, 'Cotton cultivator', '6 to 8 Mon'),
(510, 2, 4, 49, ' Crab fattening farmer', '6 to 8 Mon'),
(511, 2, 4, 49, 'Dairy farm supervisor', '6 to 8 Mon'),
(512, 2, 4, 49, 'Dairy farmer', '6 to 8 Mon'),
(513, 2, 4, 49, 'Dairy worker', '6 to 8 Mon'),
(514, 2, 4, 49, 'Farm worker', '6 to 8 Mon'),
(515, 2, 4, 49, 'Farm worker layer', '6 to 8 Mon'),
(516, 2, 4, 49, 'Feed technician', '6 to 8 Mon'),
(517, 2, 4, 49, 'Fishery extension associate', '6 to 8 Mon'),
(518, 2, 4, 49, 'Fishing boat driver', '6 to 8 Mon'),
(519, 2, 4, 49, 'Fishing boat maintenance worker', '6 to 8 Mon'),
(520, 2, 4, 49, 'Fishing boat mechanic', '6 to 8 Mon'),
(521, 2, 4, 49, 'Floriculturist ? open cultivation', '6 to 8 Mon'),
(522, 2, 4, 49, 'Floriculturist ? protected cultivation', '6 to 8 Mon'),
(523, 2, 4, 49, 'Florist', '6 to 8 Mon'),
(524, 2, 4, 49, 'Flower handler ?packaging and palletizing', '6 to 8 Mon'),
(525, 2, 4, 49, 'Forest nursery raiser', '6 to 8 Mon'),
(526, 2, 4, 49, 'Freshwater aquaculture farmer', '6 to 8 Mon'),
(527, 2, 4, 49, 'Friends of coconut tree gardener', '6 to 8 Mon'),
(528, 2, 4, 49, 'Green house fitter', '6 to 8 Mon'),
(529, 2, 4, 49, 'Green house operator', '6 to 8 Mon'),
(530, 2, 4, 49, 'Hatchery in charge', '6 to 8 Mon'),
(531, 2, 4, 49, 'Harvesting machine operator', '6 to 8 Mon'),
(532, 2, 4, 49, 'Hatchery manager', '6 to 8 Mon'),
(533, 2, 4, 49, 'Hatchery production worker', '6 to 8 Mon'),
(534, 2, 4, 49, 'Inland capture fisherman cum primary processor', '6 to 8 Mon'),
(535, 2, 4, 49, 'Maize cultivator', '6 to 8 Mon'),
(536, 2, 4, 49, 'Mango grower', '6 to 8 Mon'),
(537, 2, 4, 49, 'Mariculture operator', '6 to 8 Mon'),
(538, 2, 4, 49, 'Medicinal plant grower', '6 to 8 Mon'),
(539, 2, 4, 49, 'Marine capture fisherman', '6 to 8 Mon'),
(540, 2, 4, 49, 'Micri irrigation technical', '6 to 8 Mon'),
(541, 2, 4, 49, 'Milk collection centrein charge', '6 to 8 Mon'),
(542, 2, 4, 49, 'Milk route supervisor', '6 to 8 Mon'),
(543, 2, 4, 49, 'Milk tester', '6 to 8 Mon'),
(544, 2, 4, 49, 'Mobile fish retailer', '6 to 8 Mon'),
(545, 2, 4, 49, 'Mushroom grower (small entrepreneur)', '6 to 8 Mon'),
(546, 2, 4, 49, 'Neera technician', '6 to 8 Mon'),
(547, 2, 4, 49, 'Nets and flouts technician', '6 to 8 Mon'),
(548, 2, 4, 49, 'Non temper forest produce collector', '6 to 8 Mon'),
(549, 2, 4, 49, 'Organic grower', '6 to 8 Mon'),
(550, 2, 4, 49, 'Ornamental fish technician', '6 to 8 Mon'),
(551, 2, 4, 49, 'Pack house worker', '6 to 8 Mon'),
(552, 2, 4, 49, 'Paddy cultivator', '6 to 8 Mon'),
(553, 2, 4, 49, 'Pearl culture technician', '6 to 8 Mon'),
(554, 2, 4, 49, 'Pesticide & fertilizer', '6 to 8 Mon'),
(555, 2, 4, 49, 'Poultry farm manager', '6 to 8 Mon'),
(556, 2, 4, 49, 'Fishing boat deckhand', '6 to 8 Mon'),
(557, 2, 4, 49, 'Poultry feed, food safety and labelling supervisor', '6 to 8 Mon'),
(558, 2, 4, 49, 'Poultry shed designer', '6 to 8 Mon'),
(559, 2, 4, 49, 'Pulses cultivator', '6 to 8 Mon'),
(560, 2, 4, 49, 'Quality seed grower', '6 to 8 Mon'),
(561, 2, 4, 49, 'Ripening chamber operator', '6 to 8 Mon'),
(562, 2, 4, 49, 'Roof ? top gardener', '6 to 8 Mon'),
(563, 2, 4, 49, 'Seed analysis in charge', '6 to 8 Mon'),
(564, 2, 4, 49, 'Seed plant production supervisor', '6 to 8 Mon'),
(565, 2, 4, 49, 'Seed processing plant technician', '6 to 8 Mon'),
(566, 2, 4, 49, 'Seed processing worker', '6 to 8 Mon'),
(567, 2, 4, 49, 'Seri culturist', '6 to 8 Mon'),
(568, 2, 4, 49, 'Servicing technician for ancillary fish equipments', '6 to 8 Mon'),
(569, 2, 4, 49, 'Setting operator', '6 to 8 Mon'),
(570, 2, 4, 49, 'Shrimp farmer', '6 to 8 Mon'),
(571, 2, 4, 49, 'Small poultry farmer', '6 to 8 Mon'),
(572, 2, 4, 49, 'Solanaceosus crop cultivator', '6 to 8 Mon'),
(573, 2, 4, 49, 'Solar pump technician', '6 to 8 Mon'),
(574, 2, 4, 49, 'Soya bean cultivator', '6 to 8 Mon'),
(575, 2, 4, 49, 'Sugar cane cultivator', '6 to 8 Mon'),
(576, 2, 4, 49, 'Supply chain field assistant', '6 to 8 Mon'),
(577, 2, 4, 49, 'Tea plantation workers', '6 to 8 Mon'),
(578, 2, 4, 49, 'Tractor operator', '6 to 8 Mon'),
(579, 2, 4, 49, 'Tuber crop cultivator', '6 to 8 Mon'),
(580, 2, 4, 49, 'Vermicomposting producer', '6 to 8 Mon'),
(581, 2, 4, 49, 'Veterinary field assistant', '6 to 8 Mon'),
(582, 2, 4, 49, 'Village water technician', '6 to 8 Mon'),
(583, 2, 4, 49, 'Water house worker', '6 to 8 Mon'),
(584, 2, 4, 49, 'Water shed assistant', '6 to 8 Mon'),
(585, 2, 4, 49, 'Water shed consultant', '6 to 8 Mon'),
(586, 2, 4, 49, 'Water shed engineer', '6 to 8 Mon'),
(587, 2, 4, 49, 'Water shed manager', '6 to 8 Mon'),
(588, 2, 4, 49, 'Water shed supervisor', '6 to 8 Mon'),
(589, 2, 4, 49, 'Wheat cultivator', '6 to 8 Mon'),
(591, 2, 4, 50, 'Advanced pattern maker (CAD ? CAM)', '6 to 8 Mon'),
(592, 2, 4, 50, 'Assistant designer ? home furnishing', '6 to 8 Mon'),
(593, 2, 4, 50, 'Assistant designer ? made ups', '6 to 8 Mon'),
(594, 2, 4, 50, 'Boutique manager', '6 to 8 Mon'),
(595, 2, 4, 50, 'Cuttingsupervisor', '6 to 8 Mon'),
(596, 2, 4, 50, 'Embroidery machine operator', '6 to 8 Mon'),
(597, 2, 4, 50, 'Export manager', '6 to 8 Mon'),
(598, 2, 4, 50, 'Fabricchecker', '6 to 8 Mon'),
(599, 2, 4, 50, 'Fabric cutter ? apparel, made ups & home furnishing', '6 to 8 Mon'),
(600, 2, 4, 50, 'Factory compliances auditor', '6 to 8 Mon'),
(601, 2, 4, 50, 'Fashion designer', '6 to 8 Mon'),
(602, 2, 4, 50, 'Farmer ? computerizing embroidery machine', '6 to 8 Mon'),
(603, 2, 4, 50, 'Garment cutter ? CAM', '6 to 8 Mon'),
(604, 2, 4, 50, 'Hand embroidery', '6 to 8 Mon'),
(605, 2, 4, 50, 'Hand embroidery (addawala)', '6 to 8 Mon'),
(606, 2, 4, 50, 'Industrial engineering (IE) executive', '6 to 8 Mon'),
(607, 2, 4, 50, 'Inline checker', '6 to 8 Mon'),
(608, 2, 4, 50, 'Line supervisor stitching', '6 to 8 Mon'),
(609, 2, 4, 50, 'Machine maintenance mechanic (sewing machine)', '6 to 8 Mon'),
(610, 2, 4, 50, 'Measurement checker', '6 to 8 Mon'),
(611, 2, 4, 50, 'Merchandiser', '6 to 8 Mon'),
(612, 2, 4, 50, 'Merchandiser ? made ? ups & home furnishing', '6 to 8 Mon'),
(613, 2, 4, 50, 'Packer', '6 to 8 Mon'),
(614, 2, 4, 50, 'Pattern master', '6 to 8 Mon'),
(615, 2, 4, 50, 'Pressman', '6 to 8 Mon'),
(616, 2, 4, 50, 'Processing supervisor ?dyeing and printing', '6 to 8 Mon'),
(617, 2, 4, 50, 'Production supervisor( sewing)', '6 to 8 Mon'),
(618, 2, 4, 50, 'QC executive ? sewing line', '6 to 8 Mon'),
(619, 2, 4, 50, 'Record keeper', '6 to 8 Mon'),
(620, 2, 4, 50, 'Sampling coordinator', '6 to 8 Mon'),
(621, 2, 4, 50, 'Sampling tailor', '6 to 8 Mon'),
(622, 2, 4, 50, 'Sewing machine operator', '6 to 8 Mon'),
(623, 2, 4, 50, 'Self employed tailor', '6 to 8 Mon'),
(624, 2, 4, 50, 'Sewing machine operator ?knits', '6 to 8 Mon'),
(625, 2, 4, 50, 'Sourcing manager', '6 to 8 Mon'),
(626, 2, 4, 50, 'Specialized sewing machine operator', '6 to 8 Mon'),
(627, 2, 4, 50, 'Store keeper', '6 to 8 Mon'),
(628, 2, 4, 50, 'Washing machine operator', '6 to 8 Mon'),
(630, 2, 4, 51, '2W ? delivery associate', '6 to 8 Mon'),
(631, 2, 4, 51, 'AC specialist', '6 to 8 Mon'),
(632, 2, 4, 51, 'Accessory fitter', '6 to 8 Mon'),
(633, 2, 4, 51, 'Ambulance driver', '6 to 8 Mon'),
(634, 2, 4, 51, 'Area manager ( auto components)', '6 to 8 Mon'),
(635, 2, 4, 51, 'Area parts manager', '6 to 8 Mon'),
(636, 2, 4, 51, 'Area service manager', '6 to 8 Mon'),
(637, 2, 4, 51, 'Area technical manager', '6 to 8 Mon'),
(638, 2, 4, 51, 'Assembly line machine setter', '6 to 8 Mon'),
(639, 2, 4, 51, 'Assembly line supervisor', '6 to 8 Mon'),
(640, 2, 4, 51, 'Auto body technician  level 3', '6 to 8 Mon'),
(641, 2, 4, 51, 'Auto body technician level 4', '6 to 8 Mon'),
(642, 2, 4, 51, 'Auto components assembly fitter', '6 to 8 Mon'),
(643, 2, 4, 51, 'Auto rickshaw driver', '6 to 8 Mon'),
(644, 2, 4, 51, 'Automation specialist', '6 to 8 Mon'),
(645, 2, 4, 51, 'Automotive body painting technician level 3', '6 to 8 Mon'),
(646, 2, 4, 51, 'Automotive electrician level 4', '6 to 8 Mon'),
(647, 2, 4, 51, 'Automotive engine repair gtechnician level 4', '6 to 8 Mon'),
(648, 2, 4, 51, 'Automotive paintshop assistants', '6 to 8 Mon'),
(649, 2, 4, 51, 'Automotive sales lead ( retail)', '6 to 8 Mon'),
(650, 2, 4, 51, 'Automotive service technician (two and three wheelers)', '6 to 8 Mon'),
(651, 2, 4, 51, 'Automotive service technician level3', '6 to 8 Mon'),
(652, 2, 4, 51, 'Automotive service technician level4', '6 to 8 Mon'),
(653, 2, 4, 51, 'Automotive service technician level5', '6 to 8 Mon'),
(654, 2, 4, 51, 'Automotive service technician level6', '6 to 8 Mon'),
(655, 2, 4, 51, 'Body shop inchrge', '6 to 8 Mon'),
(656, 2, 4, 51, 'Break specialist', '6 to 8 Mon'),
(657, 2, 4, 51, 'Casting line inchrge', '6 to 8 Mon'),
(658, 2, 4, 51, 'Casting supervisior', '6 to 8 Mon'),
(659, 2, 4, 51, 'Casting technician level 3', '6 to 8 Mon'),
(660, 2, 4, 51, 'Casting technician ?sand moulding', '6 to 8 Mon'),
(661, 2, 4, 51, 'CHAUFFEUR L4', '6 to 8 Mon'),
(662, 2, 4, 51, 'CHAUFFEUR L5', '6 to 8 Mon'),
(663, 2, 4, 51, 'Clutch specialist', '6 to 8 Mon'),
(664, 2, 4, 51, 'CNC operator/ machining technician L3', '6 to 8 Mon'),
(665, 2, 4, 51, 'CNC operator / machining technician L4', '6 to 8 Mon'),
(666, 2, 4, 51, 'Commercial executive / officer', '6 to 8 Mon'),
(667, 2, 4, 51, 'Commercial manager ( zonal / reginol)', '6 to 8 Mon'),
(668, 2, 4, 51, 'Commercial vehicle driver level 4', '6 to 8 Mon'),
(669, 2, 4, 51, 'Computer aided engineering ? test executive', '6 to 8 Mon'),
(670, 2, 4, 51, 'Customer relationship executive', '6 to 8 Mon'),
(671, 2, 4, 51, 'Customer relationship manager', '6 to 8 Mon'),
(672, 2, 4, 51, 'Draughtsman / draughts person', '6 to 8 Mon'),
(673, 2, 4, 51, 'Driver trainer', '6 to 8 Mon'),
(674, 2, 4, 51, 'Driving assistant', '6 to 8 Mon'),
(675, 2, 4, 51, 'Equipment designer', '6 to 8 Mon'),
(676, 2, 4, 51, 'Executive ,proto manufacturing', '6 to 8 Mon'),
(677, 2, 4, 51, 'Finance , insurance and registration coordinator', '6 to 8 Mon'),
(678, 2, 4, 51, 'Forging line supervisor', '6 to 8 Mon'),
(679, 2, 4, 51, 'Forging shift in charge', '6 to 8 Mon'),
(680, 2, 4, 51, 'Forklift operator ( driver)', '6 to 8 Mon'),
(681, 2, 4, 51, 'Foundry assistant / casting assistant', '6 to 8 Mon'),
(682, 2, 4, 51, 'Fuel service man / fuel service dispensing attendant', '6 to 8 Mon'),
(683, 2, 4, 51, 'Heat treatment shop ? metallurgist', '6 to 8 Mon'),
(684, 2, 4, 51, 'Heat treatment shop supervisor', '6 to 8 Mon'),
(685, 2, 4, 51, 'Heat treatment technician / furnace operator', '6 to 8 Mon'),
(686, 2, 4, 51, 'Home installer / home delivery manager', '6 to 8 Mon'),
(687, 2, 4, 51, 'In charge material testing', '6 to 8 Mon'),
(688, 2, 4, 51, 'Industrial engineer ( layout design)', '6 to 8 Mon'),
(689, 2, 4, 51, 'Industrial engineer ( workstation design)', '6 to 8 Mon'),
(690, 2, 4, 51, 'Key accounts sales manager', '6 to 8 Mon'),
(691, 2, 4, 51, 'Key accounts service manager', '6 to 8 Mon'),
(692, 2, 4, 51, 'Lathe operator', '6 to 8 Mon'),
(693, 2, 4, 51, 'Light motor vehicle driver level 3', '6 to 8 Mon'),
(694, 2, 4, 51, 'Loading and unloading operator / loader', '6 to 8 Mon'),
(695, 2, 4, 51, 'Machine setter / master technician', '6 to 8 Mon'),
(696, 2, 4, 51, 'Machine shop supervisor', '6 to 8 Mon'),
(697, 2, 4, 51, 'Machining assistant', '6 to 8 Mon'),
(698, 2, 4, 51, 'Maintenance assistant', '6 to 8 Mon'),
(699, 2, 4, 51, 'Maintenance technician ? electrical ? L3', '6 to 8 Mon'),
(700, 2, 4, 51, 'Maintenance technician ? electrical ? L4', '6 to 8 Mon'),
(701, 2, 4, 51, 'Maintenance technician ? mechanical ? L3', '6 to 8 Mon'),
(702, 2, 4, 51, 'Maintenance technician ? mechanical ? L4', '6 to 8 Mon'),
(703, 2, 4, 51, 'Maintenance technician ? service workshop', '6 to 8 Mon'),
(704, 2, 4, 51, 'Manager / supervisor manufacturing quality', '6 to 8 Mon'),
(705, 2, 4, 51, 'Manager maintenance mechanical & electrical', '6 to 8 Mon'),
(706, 2, 4, 51, 'Manager processing engineering', '6 to 8 Mon'),
(707, 2, 4, 51, 'Manager supplier quality', '6 to 8 Mon'),
(708, 2, 4, 51, 'Manager test facility (R & D infrastructure)', '6 to 8 Mon'),
(709, 2, 4, 51, 'Manager vendor development', '6 to 8 Mon'),
(710, 2, 4, 51, 'Manager ? PLM (product lifecycle management)', '6 to 8 Mon'),
(711, 2, 4, 51, 'Marketing manager ? LOB', '6 to 8 Mon'),
(712, 2, 4, 51, 'Material coordination manager', '6 to 8 Mon'),
(713, 2, 4, 51, 'Melting assistant / helper', '6 to 8 Mon'),
(714, 2, 4, 51, 'Method study executive level 5', '6 to 8 Mon'),
(715, 2, 4, 51, 'Modeller', '6 to 8 Mon'),
(716, 2, 4, 51, 'Packing executive / packing assistant / packer', '6 to 8 Mon'),
(717, 2, 4, 51, 'Painting& surface treatment shift in charge', '6 to 8 Mon'),
(718, 2, 4, 51, 'Painting supervisor', '6 to 8 Mon'),
(719, 2, 4, 51, 'Parts picker', '6 to 8 Mon'),
(720, 2, 4, 51, 'PDI in charge', '6 to 8 Mon'),
(721, 2, 4, 51, 'PDI supervisor', '6 to 8 Mon'),
(722, 2, 4, 51, 'Plastic moulding helper', '6 to 8 Mon'),
(723, 2, 4, 51, 'Plastic moulding operator / technician', '6 to 8 Mon'),
(724, 2, 4, 51, 'Plastic moulding supervisor', '6 to 8 Mon'),
(725, 2, 4, 51, 'Press shop helper', '6 to 8 Mon'),
(726, 2, 4, 51, 'Press shop line ? in charge', '6 to 8 Mon'),
(727, 2, 4, 51, 'Press shop operator level 4', '6 to 8 Mon'),
(728, 2, 4, 51, 'Press shop supervisor', '6 to 8 Mon'),
(729, 2, 4, 51, 'Pressure die casting operator', '6 to 8 Mon'),
(730, 2, 4, 51, 'Process design engineer', '6 to 8 Mon'),
(731, 2, 4, 51, 'Process tryout engineer', '6 to 8 Mon'),
(732, 2, 4, 51, 'Process tryout technician', '6 to 8 Mon'),
(733, 2, 4, 51, 'Process validation executive', '6 to 8 Mon'),
(734, 2, 4, 51, 'Product / brand manager', '6 to 8 Mon'),
(735, 2, 4, 51, 'Product conceptualization engineer', '6 to 8 Mon'),
(736, 2, 4, 51, 'Product conceptualization manager', '6 to 8 Mon'),
(737, 2, 4, 51, 'Product design manager', '6 to 8 Mon'),
(738, 2, 4, 51, 'Product design manager L7', '6 to 8 Mon'),
(739, 2, 4, 51, 'Proto typing engineer', '6 to 8 Mon'),
(740, 2, 4, 51, 'Prototyping Manager', '6 to 8 Mon'),
(741, 2, 4, 51, 'PUC attendant', '6 to 8 Mon'),
(742, 2, 4, 51, 'QA standards in charge', '6 to 8 Mon'),
(743, 2, 4, 51, 'QC inspector level 3', '6 to 8 Mon'),
(744, 2, 4, 51, 'QC inspector level 4', '6 to 8 Mon'),
(745, 2, 4, 51, 'QCP attendant', '6 to 8 Mon'),
(746, 2, 4, 51, 'Quality controller', '6 to 8 Mon'),
(747, 2, 4, 51, 'Regional dealer development / network expansion manager', '6 to 8 Mon'),
(748, 2, 4, 51, 'Regional manager ? customer care', '6 to 8 Mon'),
(749, 2, 4, 51, 'Regional parts manager', '6 to 8 Mon'),
(750, 2, 4, 51, 'Regional retail finance & insurance manager', '6 to 8 Mon'),
(751, 2, 4, 51, 'Regional sales development / CRM manager', '6 to 8 Mon'),
(752, 2, 4, 51, 'Regional sales manager', '6 to 8 Mon'),
(753, 2, 4, 51, 'Regional sales manager (used / pre owned vehicles)', '6 to 8 Mon'),
(754, 2, 4, 51, 'Regional service marketing manager', '6 to 8 Mon'),
(755, 2, 4, 51, 'Regional service process manager', '6 to 8 Mon'),
(756, 2, 4, 51, 'Repair ? welder', '6 to 8 Mon'),
(757, 2, 4, 51, 'Repair painter ? auto body level 3', '6 to 8 Mon'),
(758, 2, 4, 51, 'Repair painter auto body level 4', '6 to 8 Mon'),
(759, 2, 4, 51, 'Sales consultant (automotivefinance)', '6 to 8 Mon'),
(760, 2, 4, 51, 'Sales consultant (institutional sales', '6 to 8 Mon'),
(761, 2, 4, 51, 'Sales consultant (retail)', '6 to 8 Mon'),
(762, 2, 4, 51, 'Sales consultant (Pre ? owned vehicles)', '6 to 8 Mon'),
(763, 2, 4, 51, 'Sales consultant Level 4', '6 to 8 Mon'),
(764, 2, 4, 51, 'Sales executive (accessories value added services)', '6 to 8 Mon'),
(765, 2, 4, 51, 'Sales executive ? dealer ship', '6 to 8 Mon'),
(766, 2, 4, 51, 'Sales lead (pre ? owned vehicles)', '6 to 8 Mon'),
(767, 2, 4, 51, 'Sales manager', '6 to 8 Mon'),
(768, 2, 4, 51, 'Sales officer (auto components)', '6 to 8 Mon'),
(769, 2, 4, 51, 'Sales officer (auto insurance)', '6 to 8 Mon'),
(770, 2, 4, 51, 'Sales representative', '6 to 8 Mon'),
(771, 2, 4, 51, 'Sales training manager', '6 to 8 Mon'),
(772, 2, 4, 51, 'Sales / service trainer (dealer)', '6 to 8 Mon'),
(773, 2, 4, 51, 'Service advisor', '6 to 8 Mon'),
(774, 2, 4, 51, 'Service office executive', '6 to 8 Mon'),
(775, 2, 4, 51, 'Service office manager', '6 to 8 Mon'),
(776, 2, 4, 51, 'Service supervisor', '6 to 8 Mon'),
(777, 2, 4, 51, 'Service training in charge centre', '6 to 8 Mon'),
(778, 2, 4, 51, 'Showroom hostess / host', '6 to 8 Mon'),
(779, 2, 4, 51, 'Social media & digital marketing manager', '6 to 8 Mon'),
(780, 2, 4, 51, 'Soldering and brazing technician', '6 to 8 Mon'),
(781, 2, 4, 51, 'Spare parts operation executive level 3', '6 to 8 Mon'),
(782, 2, 4, 51, 'Spare parts operation executive level 5', '6 to 8 Mon'),
(783, 2, 4, 51, 'Spare parts operation in charge', '6 to 8 Mon'),
(784, 2, 4, 51, 'Super finishing technician', '6 to 8 Mon'),
(785, 2, 4, 51, 'Supervisor R & D testing (indoor product)', '6 to 8 Mon'),
(786, 2, 4, 51, 'Surface treatment technician', '6 to 8 Mon'),
(787, 2, 4, 51, 'Taxi driver', '6 to 8 Mon'),
(788, 2, 4, 51, 'Telecaller', '6 to 8 Mon'),
(789, 2, 4, 51, 'Territory sales manager (retail)', '6 to 8 Mon'),
(790, 2, 4, 51, 'Territory sales manager (used / pre owned vehicles)', '6 to 8 Mon'),
(791, 2, 4, 51, 'Territory service manager', '6 to 8 Mon'),
(792, 2, 4, 51, 'Test engineer ? product / vehicle', '6 to 8 Mon'),
(793, 2, 4, 51, 'Test technician', '6 to 8 Mon'),
(794, 2, 4, 51, 'Testing manager', '6 to 8 Mon'),
(795, 2, 4, 51, 'Tool designer', '6 to 8 Mon'),
(796, 2, 4, 51, 'Tool room operator / technician', '6 to 8 Mon'),
(797, 2, 4, 51, 'Tool room supervisor', '6 to 8 Mon'),
(798, 2, 4, 51, 'Trainer service', '6 to 8 Mon'),
(799, 2, 4, 51, 'Tyre inflation attendant', '6 to 8 Mon'),
(800, 2, 4, 51, 'Vehicle assembly fitter / technician', '6 to 8 Mon'),
(801, 2, 4, 51, 'Vehicle test driver', '6 to 8 Mon'),
(802, 2, 4, 51, 'Vendor development executive', '6 to 8 Mon'),
(803, 2, 4, 51, 'Warranty in charge', '6 to 8 Mon'),
(804, 2, 4, 51, 'Warranty processor level 4', '6 to 8 Mon'),
(805, 2, 4, 51, 'Washer', '6 to 8 Mon'),
(806, 2, 4, 51, 'Welding assistant', '6 to 8 Mon'),
(807, 2, 4, 51, 'Welding machine setter / master welder', '6 to 8 Mon'),
(808, 2, 4, 51, 'Welding supervisor', '6 to 8 Mon'),
(809, 2, 4, 51, 'Welding technician level 3', '6 to 8 Mon'),
(810, 2, 4, 51, 'Welding technician level 4', '6 to 8 Mon'),
(811, 2, 4, 51, 'Workshop manager', '6 to 8 Mon'),
(813, 2, 4, 52, 'Assistant spa therapist', '6 to 8 Mon'),
(814, 2, 4, 52, 'Spa therapist', '6 to 8 Mon'),
(815, 2, 4, 52, 'Assistant beauty / wellness consultant', '6 to 8 Mon'),
(816, 2, 4, 52, 'Pedicurist and manicurist', '6 to 8 Mon'),
(817, 2, 4, 52, 'Assistant nail technician', '6 to 8 Mon'),
(818, 2, 4, 52, 'Assistant hair style', '6 to 8 Mon'),
(819, 2, 4, 52, 'Hair stylist', '6 to 8 Mon'),
(820, 2, 4, 52, 'Bridal fashion and photographic makeup artist', '6 to 8 Mon'),
(821, 2, 4, 52, 'Beauty therapist', '6 to 8 Mon'),
(822, 2, 4, 52, 'Beauty advisor', '6 to 8 Mon'),
(823, 2, 4, 52, 'Barber', '6 to 8 Mon'),
(824, 2, 4, 52, 'Senior stylist', '6 to 8 Mon'),
(825, 2, 4, 52, 'Senior barber', '6 to 8 Mon'),
(826, 2, 4, 52, 'Hair care trainer', '6 to 8 Mon'),
(827, 2, 4, 52, 'Senior beauty therapist', '6 to 8 Mon'),
(828, 2, 4, 52, 'Aesthetician', '6 to 8 Mon'),
(829, 2, 4, 52, 'Skincare trainer', '6 to 8 Mon'),
(830, 2, 4, 52, 'Mahanadi specialist', '6 to 8 Mon'),
(831, 2, 4, 52, 'Theatrical and media makeup artist', '6 to 8 Mon'),
(832, 2, 4, 52, 'Senior prosthetic and media makeup artist', '6 to 8 Mon'),
(833, 2, 4, 52, 'Makeup trainer', '6 to 8 Mon'),
(834, 2, 4, 52, 'Nail technician', '6 to 8 Mon'),
(835, 2, 4, 52, 'Aesthetic dermatology technician', '6 to 8 Mon'),
(836, 2, 4, 52, 'Senior Aesthetic dermatology technician', '6 to 8 Mon'),
(837, 2, 4, 52, 'Aesthetic dermatology trainer', '6 to 8 Mon'),
(838, 2, 4, 52, 'Senior faculty', '6 to 8 Mon'),
(839, 2, 4, 52, 'Institute technical head', '6 to 8 Mon'),
(840, 2, 4, 52, 'Category expert', '6 to 8 Mon'),
(841, 2, 4, 52, 'Institute head', '6 to 8 Mon'),
(842, 2, 4, 52, 'Assistant tattoo artist', '6 to 8 Mon'),
(843, 2, 4, 52, 'Tattoo artist', '6 to 8 Mon'),
(844, 2, 4, 52, 'Senior spa therapist', '6 to 8 Mon'),
(845, 2, 4, 52, 'Spa trainer', '6 to 8 Mon'),
(846, 2, 4, 52, 'Senior colourists', '6 to 8 Mon'),
(847, 2, 4, 52, 'Colourists', '6 to 8 Mon'),
(848, 2, 4, 52, 'Wellness neurotherapist', '6 to 8 Mon'),
(849, 2, 4, 52, 'Master Wellness neurotherapist', '6 to 8 Mon'),
(851, 2, 4, 53, 'Mutual fund agent', '6 to 8 Mon'),
(852, 2, 4, 53, 'Equity dealer', '6 to 8 Mon'),
(853, 2, 4, 53, 'Business correspondent', '6 to 8 Mon'),
(854, 2, 4, 53, 'Loan approval officer', '6 to 8 Mon'),
(855, 2, 4, 53, 'Life insurance agent', '6 to 8 Mon'),
(856, 2, 4, 53, 'Small and medium enterprise officer (SME officer)', '6 to 8 Mon'),
(857, 2, 4, 53, 'Debt recovery agent', '6 to 8 Mon'),
(858, 2, 4, 53, 'Accounts executive receivable & payable', '6 to 8 Mon'),
(859, 2, 4, 53, 'Accounts executive (recording , reporting)', '6 to 8 Mon'),
(860, 2, 4, 53, 'Accounts executive (payroll)', '6 to 8 Mon'),
(861, 2, 4, 53, 'Accounts executive (statutory compliances)', '6 to 8 Mon'),
(862, 2, 4, 53, 'Micro finance executive', '6 to 8 Mon'),
(864, 2, 4, 54, 'Assistant manual metal arc welder', '6 to 8 Mon'),
(865, 2, 4, 54, 'Assistant oxy fuel gas cutter', '6 to 8 Mon'),
(866, 2, 4, 54, 'Assistant tungsten inert gas welder', '6 to 8 Mon'),
(867, 2, 4, 54, 'Calibration technician', '6 to 8 Mon'),
(868, 2, 4, 54, 'CNC operator ? grinding machine centre', '6 to 8 Mon'),
(869, 2, 4, 54, 'CNC operator ? turning', '6 to 8 Mon'),
(870, 2, 4, 54, 'CNC operator ?vertical machining centre', '6 to 8 Mon'),
(871, 2, 4, 54, 'CNC programmer', '6 to 8 Mon'),
(872, 2, 4, 54, 'CNC setter cum operator ? electric discharge machine (spark erosion)', '6 to 8 Mon'),
(873, 2, 4, 54, 'CNC setter cum operator ?turning', '6 to 8 Mon'),
(874, 2, 4, 54, 'CNC setter cum operator ?vertical machining centre', '6 to 8 Mon'),
(875, 2, 4, 54, 'Designer ? mechanical', '6 to 8 Mon'),
(876, 2, 4, 54, 'Draughtsman ? civil', '6 to 8 Mon');
INSERT INTO `jiier_paper` (`id`, `program_id`, `degree_id`, `degree_type_id`, `paper_name`, `year`) VALUES
(877, 2, 4, 54, 'Draughtsman ? piping', '6 to 8 Mon'),
(878, 2, 4, 54, 'Electro planting operator', '6 to 8 Mon'),
(879, 2, 4, 54, 'Fitter ?electrical and electronic assembly', '6 to 8 Mon'),
(880, 2, 4, 54, 'Fitter ? fabrication', '6 to 8 Mon'),
(881, 2, 4, 54, 'Fitter ? mechanical assembly', '6 to 8 Mon'),
(883, 2, 4, 55, 'Flux cored arc welder (semi-automatic)', '6 to 8 Mon'),
(884, 2, 4, 55, 'Forger', '6 to 8 Mon'),
(885, 2, 4, 55, 'Grinder ? hand & hand held power tools', '6 to 8 Mon'),
(886, 2, 4, 55, 'Heat treatment operator', '6 to 8 Mon'),
(887, 2, 4, 55, 'Lab technician ? metal testing', '6 to 8 Mon'),
(888, 2, 4, 55, 'Lab technician ? radiographic testing', '6 to 8 Mon'),
(889, 2, 4, 55, 'Maintenance fitter ? mechanical', '6 to 8 Mon'),
(890, 2, 4, 55, 'Manual metal arc welder', '6 to 8 Mon'),
(891, 2, 4, 55, 'Metal insert gas / metal active gas / gas metal arc welder (MIG / MAG / GMAW)', '6 to 8 Mon'),
(892, 2, 4, 55, 'Operator ? broaching machine', '6 to 8 Mon'),
(893, 2, 4, 55, 'Operator ? CNC electric discharge machine (spark erosion)', '6 to 8 Mon'),
(894, 2, 4, 55, 'Operator ? conventional milling', '6 to 8 Mon'),
(895, 2, 4, 55, 'Operator ? Conventional surface grinding machine', '6 to 8 Mon'),
(896, 2, 4, 55, 'Operator ? Conventional Turning', '6 to 8 Mon'),
(897, 2, 4, 55, 'Operator ? Plate pending machine', '6 to 8 Mon'),
(898, 2, 4, 55, 'Operator ? Short blasting and grit blasting', '6 to 8 Mon'),
(899, 2, 4, 55, 'Operator ? Boring machine', '6 to 8 Mon'),
(900, 2, 4, 55, 'Oxy fuel gas cutter', '6 to 8 Mon'),
(901, 2, 4, 55, 'Painting technician (spray painting)', '6 to 8 Mon'),
(902, 2, 4, 55, 'Plasma cutter manual', '6 to 8 Mon'),
(903, 2, 4, 55, 'Polisher ? machine', '6 to 8 Mon'),
(904, 2, 4, 55, 'Polisher ? manual', '6 to 8 Mon'),
(905, 2, 4, 55, 'Production engineer', '6 to 8 Mon'),
(906, 2, 4, 55, 'Quality inspector ? forged, casted or machined components', '6 to 8 Mon'),
(907, 2, 4, 55, 'Resistant sport welding machine operator', '6 to 8 Mon'),
(908, 2, 4, 55, 'Senior manual metal arc welder', '6 to 8 Mon'),
(909, 2, 4, 55, 'Service engineer ? installation and commissioning', '6 to 8 Mon'),
(910, 2, 4, 55, 'Setter cum operator ? non conventional electric discharge (spark erosion)', '6 to 8 Mon'),
(911, 2, 4, 55, 'Sheet metal worker ? hand tools and manually operated machines', '6 to 8 Mon'),
(912, 2, 4, 55, 'Stud welding', '6 to 8 Mon'),
(913, 2, 4, 55, 'Submerged arc welder', '6 to 8 Mon'),
(914, 2, 4, 55, 'Technician instrumentation', '6 to 8 Mon'),
(915, 2, 4, 55, 'Tool and die maker', '6 to 8 Mon'),
(916, 2, 4, 55, 'Tungsten insert gas welder level 5', '6 to 8 Mon'),
(918, 2, 4, 56, 'Assistant bar construction & steel fixer', '6 to 8 Mon'),
(919, 2, 4, 56, 'Assistant Construction fitter construction painter', '6 to 8 Mon'),
(920, 2, 4, 56, 'Assistant Electrician', '6 to 8 Mon'),
(921, 2, 4, 56, 'Assistant Facade installer', '6 to 8 Mon'),
(922, 2, 4, 56, 'Assistant False ceiling and dry wall installer', '6 to 8 Mon'),
(923, 2, 4, 56, 'Assistant Mason', '6 to 8 Mon'),
(924, 2, 4, 56, 'Assistant Paint inspector', '6 to 8 Mon'),
(925, 2, 4, 56, 'Assistant Pavement layer', '6 to 8 Mon'),
(926, 2, 4, 56, 'Assistant Scaffold ? conventional', '6 to 8 Mon'),
(927, 2, 4, 56, 'Assistant Scaffold ? system', '6 to 8 Mon'),
(928, 2, 4, 56, 'Assistant Shuttering carpenter', '6 to 8 Mon'),
(929, 2, 4, 56, 'Assistant Surveyor', '6 to 8 Mon'),
(930, 2, 4, 56, 'Assistant Technician ?prestress', '6 to 8 Mon'),
(931, 2, 4, 56, 'Bar bender and steel fixer', '6 to 8 Mon'),
(932, 2, 4, 56, 'Charge hand ? facade installer', '6 to 8 Mon'),
(933, 2, 4, 56, 'Charge hand ? False ceiling & dry wall installer', '6 to 8 Mon'),
(934, 2, 4, 56, 'Charge hand ? Painting and decorating', '6 to 8 Mon'),
(935, 2, 4, 56, 'Charge hand ? Piling', '6 to 8 Mon'),
(936, 2, 4, 56, 'Charge hand ? Precast erection', '6 to 8 Mon'),
(937, 2, 4, 56, 'Charge hand ? Scaffolding ? system', '6 to 8 Mon'),
(938, 2, 4, 56, 'Charge hand Shuttering carpenter ? conventional', '6 to 8 Mon'),
(939, 2, 4, 56, 'Charge hand Shuttering carpenter system', '6 to 8 Mon'),
(940, 2, 4, 56, 'Construction DPT tester', '6 to 8 Mon'),
(941, 2, 4, 56, 'Construction Electrician ? LV', '6 to 8 Mon'),
(942, 2, 4, 56, 'Construction Fitter', '6 to 8 Mon'),
(943, 2, 4, 56, 'Construction Laboratory & field technician', '6 to 8 Mon'),
(944, 2, 4, 56, 'Construction MPT tester', '6 to 8 Mon'),
(945, 2, 4, 56, 'Construction Painter and decorator', '6 to 8 Mon'),
(946, 2, 4, 56, 'Construction UT tester', '6 to 8 Mon'),
(947, 2, 4, 56, 'Decorator', '6 to 8 Mon'),
(948, 2, 4, 56, 'Doors & window fixer', '6 to 8 Mon'),
(949, 2, 4, 56, 'Draughtsman', '6 to 8 Mon'),
(950, 2, 4, 56, 'Drywall installation', '6 to 8 Mon'),
(951, 2, 4, 56, 'EHS steward', '6 to 8 Mon'),
(952, 2, 4, 56, 'Fabricator', '6 to 8 Mon'),
(953, 2, 4, 56, 'Facade installer', '6 to 8 Mon'),
(954, 2, 4, 56, 'False ceiling & dry wall installer', '6 to 8 Mon'),
(955, 2, 4, 56, 'Foreman ? electrical works (construction)', '6 to 8 Mon'),
(956, 2, 4, 56, 'Foreman ? roads & runways', '6 to 8 Mon'),
(957, 2, 4, 56, 'Foreman concrete', '6 to 8 Mon'),
(958, 2, 4, 56, 'Foreman Erection', '6 to 8 Mon'),
(959, 2, 4, 56, 'Foreman Fabrication', '6 to 8 Mon'),
(960, 2, 4, 56, 'Foreman Facade installation', '6 to 8 Mon'),
(961, 2, 4, 56, 'Foreman False ceiling form work', '6 to 8 Mon'),
(962, 2, 4, 56, 'Foreman Painting and decorating', '6 to 8 Mon'),
(963, 2, 4, 56, 'Foreman Reinforcement', '6 to 8 Mon'),
(964, 2, 4, 56, 'Foreman Scaffolding', '6 to 8 Mon'),
(965, 2, 4, 56, 'Foreman Wet finishing and flooring', '6 to 8 Mon'),
(966, 2, 4, 56, 'Grinder ? construction', '6 to 8 Mon'),
(967, 2, 4, 56, 'Helper bar bender & steel fixer', '6 to 8 Mon'),
(968, 2, 4, 56, 'Helper Construction painter', '6 to 8 Mon'),
(969, 2, 4, 56, 'Helper Electrician', '6 to 8 Mon'),
(970, 2, 4, 56, 'Helper Fabrication', '6 to 8 Mon'),
(971, 2, 4, 56, 'Helper Facade installer', '6 to 8 Mon'),
(972, 2, 4, 56, 'Helper Interior finishes', '6 to 8 Mon'),
(973, 2, 4, 56, 'Helper Laboratory & field technician', '6 to 8 Mon'),
(974, 2, 4, 56, 'Helper Mason', '6 to 8 Mon'),
(975, 2, 4, 56, 'Helper shuttering carpenter', '6 to 8 Mon'),
(976, 2, 4, 56, 'Junior store keeper ? construction', '6 to 8 Mon'),
(977, 2, 4, 56, 'Khalasi( assistant rigger)', '6 to 8 Mon'),
(978, 2, 4, 56, 'Mason concrete', '6 to 8 Mon'),
(979, 2, 4, 56, 'Mason form finished & special concrete', '6 to 8 Mon'),
(980, 2, 4, 56, 'Mason general', '6 to 8 Mon'),
(981, 2, 4, 56, 'Mason Marble, granite and stone', '6 to 8 Mon'),
(982, 2, 4, 56, 'Mason special finishing', '6 to 8 Mon'),
(983, 2, 4, 56, 'Mason tiling', '6 to 8 Mon'),
(984, 2, 4, 56, 'Pavement layer', '6 to 8 Mon'),
(985, 2, 4, 56, 'Plasma cutter', '6 to 8 Mon'),
(986, 2, 4, 56, 'Quality technician', '6 to 8 Mon'),
(987, 2, 4, 56, 'Reinforcement fitter', '6 to 8 Mon'),
(988, 2, 4, 56, 'Rigger piling', '6 to 8 Mon'),
(989, 2, 4, 56, 'Rigger precast erection', '6 to 8 Mon'),
(990, 2, 4, 56, 'Rural mason', '6 to 8 Mon'),
(991, 2, 4, 56, 'Scaffolder? conventional', '6 to 8 Mon'),
(992, 2, 4, 56, 'Scaffilder system', '6 to 8 Mon'),
(993, 2, 4, 56, 'Shuttering carpenter ? conventional', '6 to 8 Mon'),
(994, 2, 4, 56, 'Shuttering carpenter system', '6 to 8 Mon'),
(995, 2, 4, 56, 'Store assistant ? construction', '6 to 8 Mon'),
(996, 2, 4, 56, 'Store keeper ? construction', '6 to 8 Mon'),
(997, 2, 4, 56, 'Supervisor ? electrical works', '6 to 8 Mon'),
(998, 2, 4, 56, 'Supervisor ? Fabrication', '6 to 8 Mon'),
(999, 2, 4, 56, 'Supervisor ? Finishes', '6 to 8 Mon'),
(1000, 2, 4, 56, 'Supervisor ? Piling', '6 to 8 Mon'),
(1001, 2, 4, 56, 'Supervisor ? Roads & runways', '6 to 8 Mon'),
(1002, 2, 4, 56, 'Supervisor ? Site EHS', '6 to 8 Mon'),
(1003, 2, 4, 56, 'Supervisor ? Structure', '6 to 8 Mon'),
(1004, 2, 4, 56, 'Supervisor ? Erection', '6 to 8 Mon'),
(1005, 2, 4, 56, 'Surveyor', '6 to 8 Mon'),
(1006, 2, 4, 56, 'Tack welder', '6 to 8 Mon'),
(1007, 2, 4, 56, 'Technician ?prestress', '6 to 8 Mon'),
(1008, 2, 4, 57, 'Child care taker', '6 to 8 Mon'),
(1009, 2, 4, 57, 'Elderly caretaker ( non ? clinical )', '6 to 8 Mon'),
(1010, 2, 4, 57, 'General house keeper', '6 to 8 Mon'),
(1011, 2, 4, 57, 'General house keeper cum cook', '6 to 8 Mon'),
(1012, 2, 4, 58, 'Access controls installation technician', '6 to 8 Mon'),
(1013, 2, 4, 58, 'Area sales officers', '6 to 8 Mon'),
(1014, 2, 4, 58, 'Assembly line operator', '6 to 8 Mon'),
(1015, 2, 4, 58, 'Assembly operator ? capacitor', '6 to 8 Mon'),
(1016, 2, 4, 58, 'Assembly operator ? Energy meter', '6 to 8 Mon'),
(1017, 2, 4, 58, 'Assembly operator ? PLC', '6 to 8 Mon'),
(1018, 2, 4, 58, 'Assembly operator ? UPS', '6 to 8 Mon'),
(1019, 2, 4, 58, 'Assembly operator ? PMD and X- rays', '6 to 8 Mon'),
(1020, 2, 4, 58, 'Assembly operator ? RAC', '6 to 8 Mon'),
(1021, 2, 4, 58, 'Assembly operator ? TV', '6 to 8 Mon'),
(1022, 2, 4, 58, 'Assembly  supervisor', '6 to 8 Mon'),
(1023, 2, 4, 58, 'Auto ? AOI machine operator', '6 to 8 Mon'),
(1024, 2, 4, 58, 'Auto tester ? capacitor', '6 to 8 Mon'),
(1025, 2, 4, 58, 'Bare board testing operator', '6 to 8 Mon'),
(1026, 2, 4, 58, 'Box building assembly technician', '6 to 8 Mon'),
(1027, 2, 4, 58, 'Business development executive', '6 to 8 Mon'),
(1028, 2, 4, 58, 'Calibration engineer', '6 to 8 Mon'),
(1029, 2, 4, 58, 'Capping operator', '6 to 8 Mon'),
(1030, 2, 4, 58, 'CCTV installation technician', '6 to 8 Mon'),
(1031, 2, 4, 58, 'Circuit imaging operator', '6 to 8 Mon'),
(1032, 2, 4, 58, 'Coating, curing & marketing operator', '6 to 8 Mon'),
(1033, 2, 4, 58, 'Customer care executive', '6 to 8 Mon'),
(1034, 2, 4, 58, 'Components preparation operator', '6 to 8 Mon'),
(1035, 2, 4, 58, 'Customer inspection technician', '6 to 8 Mon'),
(1036, 2, 4, 58, 'Cutting, crimping and connector assembly operator', '6 to 8 Mon'),
(1037, 2, 4, 58, 'DAS set top box installation & service technician', '6 to 8 Mon'),
(1038, 2, 4, 58, 'Design for manufacture engineer', '6 to 8 Mon'),
(1039, 2, 4, 58, 'Die bonding operator', '6 to 8 Mon'),
(1040, 2, 4, 58, 'Disk duplicator', '6 to 8 Mon'),
(1041, 2, 4, 58, 'Drafts man', '6 to 8 Mon'),
(1042, 2, 4, 58, 'Drilling operator', '6 to 8 Mon'),
(1043, 2, 4, 58, 'DTH set top box installation & service technician', '6 to 8 Mon'),
(1044, 2, 4, 58, 'Electrical assembly operator ? control panel', '6 to 8 Mon'),
(1045, 2, 4, 58, 'Electrical design developer', '6 to 8 Mon'),
(1046, 2, 4, 58, 'Electrical technician', '6 to 8 Mon'),
(1047, 2, 4, 58, 'Electronic hard ware design engineer', '6 to 8 Mon'),
(1048, 2, 4, 58, 'Embedded software engineer', '6 to 8 Mon'),
(1049, 2, 4, 58, 'Encapsulation operator', '6 to 8 Mon'),
(1050, 2, 4, 58, 'Field engineer ? TV', '6 to 8 Mon'),
(1051, 2, 4, 58, 'Field engineer ? RACW', '6 to 8 Mon'),
(1052, 2, 4, 58, ' Field technician ? AC', '6 to 8 Mon'),
(1053, 2, 4, 58, 'Field technician ? computing and peripherals', '6 to 8 Mon'),
(1054, 2, 4, 58, 'Field technician ? Digital camera', '6 to 8 Mon'),
(1055, 2, 4, 58, 'Field technician ? Networking and storage', '6 to 8 Mon'),
(1056, 2, 4, 58, 'Field technician ? Other home appliances', '6 to 8 Mon'),
(1057, 2, 4, 58, 'Field technician ? Refrigerator', '6 to 8 Mon'),
(1058, 2, 4, 58, 'Field technician ? UPS and invertor', '6 to 8 Mon'),
(1059, 2, 4, 58, 'Field technician ? Washing machine', '6 to 8 Mon'),
(1060, 2, 4, 58, 'Final assembly operator ? magnetic', '6 to 8 Mon'),
(1061, 2, 4, 58, 'Final product QC technician', '6 to 8 Mon'),
(1062, 2, 4, 58, 'Final testing technician', '6 to 8 Mon'),
(1063, 2, 4, 58, 'FPGA design engineer', '6 to 8 Mon'),
(1064, 2, 4, 58, 'Functional tester', '6 to 8 Mon'),
(1065, 2, 4, 58, 'Functional tester ? medical devices', '6 to 8 Mon'),
(1066, 2, 4, 58, 'Functional tester ? RAC', '6 to 8 Mon'),
(1067, 2, 4, 58, 'Functional tester ?TV', '6 to 8 Mon'),
(1068, 2, 4, 58, 'ICT ? machine operator', '6 to 8 Mon'),
(1069, 2, 4, 58, 'Incoming inspection technician', '6 to 8 Mon'),
(1070, 2, 4, 58, 'Incoming QC technician', '6 to 8 Mon'),
(1071, 2, 4, 58, 'Injection holding operator', '6 to 8 Mon'),
(1072, 2, 4, 58, 'Inner layer and pressing operator', '6 to 8 Mon'),
(1073, 2, 4, 58, 'In process and final quality engineer', '6 to 8 Mon'),
(1074, 2, 4, 58, 'Installation and service engineer', '6 to 8 Mon'),
(1075, 2, 4, 58, 'Installation technician ? computing and peripherals', '6 to 8 Mon'),
(1076, 2, 4, 58, 'In store demonstrate', '6 to 8 Mon'),
(1077, 2, 4, 58, 'IT coordinator in school', '6 to 8 Mon'),
(1078, 2, 4, 58, 'LED light design engineer', '6 to 8 Mon'),
(1079, 2, 4, 58, 'LED light design validation engineer', '6 to 8 Mon'),
(1080, 2, 4, 58, 'LED light repair technician', '6 to 8 Mon'),
(1081, 2, 4, 58, 'LED luminaries testing & measurement technician', '6 to 8 Mon'),
(1082, 2, 4, 58, 'Maintenance executive', '6 to 8 Mon'),
(1083, 2, 4, 58, 'Maintenance technician', '6 to 8 Mon'),
(1084, 2, 4, 58, 'Manual insertion operator', '6 to 8 Mon'),
(1085, 2, 4, 58, 'Manual soldering technician', '6 to 8 Mon'),
(1086, 2, 4, 58, 'Masking machine operator', '6 to 8 Mon'),
(1087, 2, 4, 58, 'Material inspector', '6 to 8 Mon'),
(1088, 2, 4, 58, 'Mechanical assembly operator', '6 to 8 Mon'),
(1089, 2, 4, 58, 'Mechanical fitter', '6 to 8 Mon'),
(1090, 2, 4, 58, 'Mechanical fitter ? control panel', '6 to 8 Mon'),
(1091, 2, 4, 58, 'Mechanical sub assembly technician', '6 to 8 Mon'),
(1092, 2, 4, 58, 'Mobile phone hardware repair technician', '6 to 8 Mon'),
(1093, 2, 4, 58, 'Module soldering operator', '6 to 8 Mon'),
(1094, 2, 4, 58, 'PCB ? AOI machine operator', '6 to 8 Mon'),
(1095, 2, 4, 58, 'PCB assembly operator', '6 to 8 Mon'),
(1096, 2, 4, 58, 'PCB design engineer', '6 to 8 Mon'),
(1097, 2, 4, 58, 'Performance tester', '6 to 8 Mon'),
(1098, 2, 4, 58, 'Performance tester -TV', '6 to 8 Mon'),
(1099, 2, 4, 58, 'Performance tester- RACWO', '6 to 8 Mon'),
(1100, 2, 4, 58, 'Physical design engineer', '6 to 8 Mon'),
(1101, 2, 4, 58, 'Pick and place assembly operator', '6 to 8 Mon'),
(1102, 2, 4, 58, 'Potting and curing operator', '6 to 8 Mon'),
(1103, 2, 4, 58, 'PPC engineer', '6 to 8 Mon'),
(1104, 2, 4, 58, 'Pre sales solar technical support engineer', '6 to 8 Mon'),
(1105, 2, 4, 58, 'Pressing machine operator', '6 to 8 Mon'),
(1106, 2, 4, 58, 'Product engineer', '6 to 8 Mon'),
(1107, 2, 4, 58, 'Purchase executive', '6 to 8 Mon'),
(1108, 2, 4, 58, 'Purchase executive ? medical electronics', '6 to 8 Mon'),
(1109, 2, 4, 58, 'PV system maintenance technician', '6 to 8 Mon'),
(1110, 2, 4, 58, 'Quality engineer', '6 to 8 Mon'),
(1111, 2, 4, 58, 'Reflow ? oven soldering operator', '6 to 8 Mon'),
(1112, 2, 4, 58, 'Reliability tester', '6 to 8 Mon'),
(1113, 2, 4, 58, 'Remote help desk technician', '6 to 8 Mon'),
(1114, 2, 4, 58, 'Repair assistant switches', '6 to 8 Mon'),
(1115, 2, 4, 58, 'Routing operator', '6 to 8 Mon'),
(1116, 2, 4, 58, 'Safety tester ? RACWO', '6 to 8 Mon'),
(1117, 2, 4, 58, 'Safety tester-TV', '6 to 8 Mon'),
(1118, 2, 4, 58, 'Safety testing technician', '6 to 8 Mon'),
(1119, 2, 4, 58, 'Sales executive', '6 to 8 Mon'),
(1120, 2, 4, 58, 'Sales executive-IT hardware', '6 to 8 Mon'),
(1121, 2, 4, 58, 'Sales executive-medical electronics', '6 to 8 Mon'),
(1122, 2, 4, 58, 'Security system installation technician', '6 to 8 Mon'),
(1123, 2, 4, 58, 'Service engineer', '6 to 8 Mon'),
(1124, 2, 4, 58, 'Silicon painting operator', '6 to 8 Mon'),
(1125, 2, 4, 58, 'Site engineer ? control panel', '6 to 8 Mon'),
(1126, 2, 4, 58, 'Smart phone assembly inspector', '6 to 8 Mon'),
(1127, 2, 4, 58, 'Smart phone assembly Technician', '6 to 8 Mon'),
(1128, 2, 4, 58, 'Solar & LED technician', '6 to 8 Mon'),
(1129, 2, 4, 58, 'Solar module assembly technician', '6 to 8 Mon'),
(1130, 2, 4, 58, 'Solar PV system installation engineer', '6 to 8 Mon'),
(1131, 2, 4, 58, 'Solder masking & legend printing operator', '6 to 8 Mon'),
(1132, 2, 4, 58, 'Sorting operator', '6 to 8 Mon'),
(1133, 2, 4, 58, 'Stencil printing operator', '6 to 8 Mon'),
(1134, 2, 4, 58, 'System analyst', '6 to 8 Mon'),
(1135, 2, 4, 58, 'Sub ? assembly technician (electronic)', '6 to 8 Mon'),
(1136, 2, 4, 58, 'System design engineer', '6 to 8 Mon'),
(1137, 2, 4, 58, 'Test and repair technician', '6 to 8 Mon'),
(1138, 2, 4, 58, 'Testing and validation engineer', '6 to 8 Mon'),
(1139, 2, 4, 58, 'Testing technician', '6 to 8 Mon'),
(1140, 2, 4, 58, 'Through whole assembly operator', '6 to 8 Mon'),
(1141, 2, 4, 58, 'TV repair technician', '6 to 8 Mon'),
(1142, 2, 4, 58, 'Verification engineer', '6 to 8 Mon'),
(1143, 2, 4, 58, 'VLSI design engineer', '6 to 8 Mon'),
(1144, 2, 4, 58, 'Wave soldering machine operator', '6 to 8 Mon'),
(1145, 2, 4, 58, 'Welding operator', '6 to 8 Mon'),
(1146, 2, 4, 58, 'Winding operator', '6 to 8 Mon'),
(1147, 2, 4, 58, 'Wire bonding operator', '6 to 8 Mon'),
(1148, 2, 4, 58, 'Wire man control panel', '6 to 8 Mon'),
(1149, 2, 4, 59, 'Assistant lab technician ? food and agricultural commodities', '6 to 8 Mon'),
(1150, 2, 4, 59, 'Baking technician', '6 to 8 Mon'),
(1151, 2, 4, 59, 'Butter and ghee processing operator', '6 to 8 Mon'),
(1152, 2, 4, 59, 'Chief Miller', '6 to 8 Mon'),
(1153, 2, 4, 59, 'Cold storage technician', '6 to 8 Mon'),
(1154, 2, 4, 59, 'Cottage cheese maker', '6 to 8 Mon'),
(1155, 2, 4, 59, 'Craft baker', '6 to 8 Mon'),
(1156, 2, 4, 59, 'Dairy processing equipment operator', '6 to 8 Mon'),
(1157, 2, 4, 59, 'Dairy product processor', '6 to 8 Mon'),
(1158, 2, 4, 59, 'Fish and sea food processing technician', '6 to 8 Mon'),
(1159, 2, 4, 59, 'Food product packaging technician', '6 to 8 Mon'),
(1160, 2, 4, 59, 'Food regulatory affairs manager', '6 to 8 Mon'),
(1161, 2, 4, 59, 'Fruit pulp processing technician', '6 to 8 Mon'),
(1162, 2, 4, 59, 'Fruit ripening technician', '6 to 8 Mon'),
(1163, 2, 4, 59, 'Fruits and vegetables canning technician', '6 to 8 Mon'),
(1164, 2, 4, 59, 'Fruits and vegetables drying /dehydration technician', '6 to 8 Mon'),
(1165, 2, 4, 59, 'Fruits and vegetables Selection in charge', '6 to 8 Mon'),
(1166, 2, 4, 59, 'Grain mill operator', '6 to 8 Mon'),
(1167, 2, 4, 59, 'Ice-cream processing technician', '6 to 8 Mon'),
(1168, 2, 4, 59, 'Industrial production worker ? food', '6 to 8 Mon'),
(1169, 2, 4, 59, 'Jam, jelly and ketch up processing technician', '6 to 8 Mon'),
(1170, 2, 4, 59, 'Milk powder manufacturing technician', '6 to 8 Mon'),
(1171, 2, 4, 59, 'Modified atmosphere storage technician', '6 to 8 Mon'),
(1172, 2, 4, 59, 'Packing machine worker ? food', '6 to 8 Mon'),
(1173, 2, 4, 59, 'Pickle making technician', '6 to 8 Mon'),
(1174, 2, 4, 59, 'Plant biscuit production specialist', '6 to 8 Mon'),
(1175, 2, 4, 59, 'Processed food entrepreneur', '6 to 8 Mon'),
(1176, 2, 4, 59, 'Pulse processing technician', '6 to 8 Mon'),
(1177, 2, 4, 59, 'Supervisor ? dairy product processing', '6 to 8 Mon'),
(1178, 2, 4, 59, 'Traditional snack and savoury maker', '6 to 8 Mon'),
(1179, 2, 4, 60, 'Assistant ? fitter ? modular furniture', '6 to 8 Mon'),
(1180, 2, 4, 60, 'Assistant carpenter ? wooden furniture', '6 to 8 Mon'),
(1181, 2, 4, 60, 'Carpenter wooden furniture', '6 to 8 Mon'),
(1182, 2, 4, 60, 'Fitter ? modular furniture', '6 to 8 Mon'),
(1183, 2, 4, 60, 'Lock technician', '6 to 8 Mon'),
(1184, 2, 4, 61, 'Cast and diamond ? set jewellery ?CAD designer', '6 to 8 Mon'),
(1185, 2, 4, 61, 'Cast and diamond ? set jewellery ?CAM machine operator', '6 to 8 Mon'),
(1186, 2, 4, 61, 'Cast and diamond ? set jewellery ?Casting machine operator', '6 to 8 Mon'),
(1187, 2, 4, 61, 'Cast and diamond ? set jewellery ?Diamond assorter', '6 to 8 Mon'),
(1188, 2, 4, 61, 'Cast and diamond ? set jewellery ?Diamond bagger and fluter', '6 to 8 Mon'),
(1189, 2, 4, 61, 'Cast and diamond ? set jewellery ?Filer and assembler', '6 to 8 Mon'),
(1190, 2, 4, 61, 'Cast and diamond ? set jewellery ?Hand sketch designer (basic)', '6 to 8 Mon'),
(1191, 2, 4, 61, 'Cast and diamond ? set jewellery ?Jewellery polisher', '6 to 8 Mon'),
(1192, 2, 4, 61, 'Cast and diamond ? set jewellery ?Merchandiser design', '6 to 8 Mon'),
(1193, 2, 4, 61, 'Cast and diamond ? set jewellery ?Metal setter (basic)', '6 to 8 Mon'),
(1194, 2, 4, 61, 'Cast and diamond ? set jewellery ?Platter', '6 to 8 Mon'),
(1195, 2, 4, 61, 'Cast and diamond ? set jewellery ?Product development manager', '6 to 8 Mon'),
(1196, 2, 4, 61, 'Cast and diamond ? set jewellery ?Refiner', '6 to 8 Mon'),
(1197, 2, 4, 61, 'Cast and diamond ? set jewellery ?Rubber mould maker', '6 to 8 Mon'),
(1198, 2, 4, 61, 'Cast and diamond ? set jewellery ?Wax piece maker', '6 to 8 Mon'),
(1199, 2, 4, 61, 'Cast and diamond ? set jewellery ?Wax setter (basic)', '6 to 8 Mon'),
(1200, 2, 4, 61, 'Cast and diamond ? set jewellery ?Wax tree maker', '6 to 8 Mon'),
(1201, 2, 4, 61, 'Diamond processing ? auto blocker', '6 to 8 Mon'),
(1202, 2, 4, 61, 'Diamond processing ? Auto bruter', '6 to 8 Mon'),
(1203, 2, 4, 61, 'Diamond processing ? Blade sawing supervisor', '6 to 8 Mon'),
(1204, 2, 4, 61, 'Diamond processing ? Blade sawyer', '6 to 8 Mon'),
(1205, 2, 4, 61, 'Diamond processing ? Boiling in charge', '6 to 8 Mon'),
(1206, 2, 4, 61, 'Diamond processing ? Bottom polisher', '6 to 8 Mon'),
(1207, 2, 4, 61, 'Diamond processing ? Cleaver', '6 to 8 Mon'),
(1208, 2, 4, 61, 'Diamond processing ? Final assortment supervisor', '6 to 8 Mon'),
(1209, 2, 4, 61, 'Diamond processing ? Inclusion plotter', '6 to 8 Mon'),
(1210, 2, 4, 61, 'Diamond processing ? Issue ? return in charge', '6 to 8 Mon'),
(1211, 2, 4, 61, 'Diamond processing ? Laser sawing machine operator', '6 to 8 Mon'),
(1212, 2, 4, 61, 'Diamond processing ? Laser supervisor', '6 to 8 Mon'),
(1213, 2, 4, 61, 'Diamond processing ? Manual blocker', '6 to 8 Mon'),
(1214, 2, 4, 61, 'Diamond processing ? Manual bruter', '6 to 8 Mon'),
(1215, 2, 4, 61, 'Diamond processing ? Planner', '6 to 8 Mon'),
(1216, 2, 4, 61, 'Diamond processing ? Planning supervisor', '6 to 8 Mon'),
(1217, 2, 4, 61, 'Diamond processing ? Polisher grader and assorter (advanced)', '6 to 8 Mon'),
(1218, 2, 4, 61, 'Diamond processing ? Polished grader and assorter (basic)', '6 to 8 Mon'),
(1219, 2, 4, 61, 'Diamond processing ? Polishing supervisor', '6 to 8 Mon'),
(1220, 2, 4, 61, 'Diamond processing ? Rough assorter', '6 to 8 Mon'),
(1221, 2, 4, 61, 'Diamond processing ? Rough marker', '6 to 8 Mon'),
(1222, 2, 4, 61, 'Diamond processing ? Spectrum operator', '6 to 8 Mon'),
(1223, 2, 4, 61, 'Diamond processing ? Supervisor ? blocking', '6 to 8 Mon'),
(1224, 2, 4, 61, 'Diamond processing ? Supervisor ? bruiting', '6 to 8 Mon'),
(1225, 2, 4, 61, 'Diamond processing ? Symmetry analyser machine operator', '6 to 8 Mon'),
(1226, 2, 4, 61, 'Diamond processing ? Table cutter', '6 to 8 Mon'),
(1227, 2, 4, 61, 'Diamond processing ? Weightier', '6 to 8 Mon'),
(1228, 2, 4, 61, 'Diamond processing ? Window opener', '6 to 8 Mon'),
(1229, 2, 4, 61, 'Gemstone processing - Driller', '6 to 8 Mon'),
(1230, 2, 4, 61, 'Gemstone processing - Facet maker', '6 to 8 Mon'),
(1231, 2, 4, 61, 'Gemstone processing - Final shaper and calibrator', '6 to 8 Mon'),
(1232, 2, 4, 61, 'Gemstone processing - Girdle polisher', '6 to 8 Mon'),
(1233, 2, 4, 61, 'Gemstone processing - Inventory manager ? whole sale', '6 to 8 Mon'),
(1234, 2, 4, 61, 'Gemstone processing - Packager and dispatcher', '6 to 8 Mon'),
(1235, 2, 4, 61, 'Gemstone processing - Polisher', '6 to 8 Mon'),
(1236, 2, 4, 61, 'Gemstone processing - Preshaper', '6 to 8 Mon'),
(1237, 2, 4, 61, 'Gemstone processing - Rough cutter', '6 to 8 Mon'),
(1238, 2, 4, 61, 'Gemstone processing - Supervisor faceting and polishing', '6 to 8 Mon'),
(1239, 2, 4, 61, 'Gemstone processing - Thread maker', '6 to 8 Mon'),
(1240, 2, 4, 61, 'Handmadegold and gems ? set jewellery -Assayer and hallmark administrator', '6 to 8 Mon'),
(1241, 2, 4, 61, 'Handmadegold and gems ? Final QC and inspector', '6 to 8 Mon'),
(1242, 2, 4, 61, 'Handmadegold and gems ? Gold meter and refiner', '6 to 8 Mon'),
(1243, 2, 4, 61, 'Handmade gold and gems ? Gold smith - chettinadu jewellery', '6 to 8 Mon'),
(1244, 2, 4, 61, 'Handmade gold and gems ? Gold smith ?components', '6 to 8 Mon'),
(1245, 2, 4, 61, 'Handmade gold and gems ? Gold smith ?enameller', '6 to 8 Mon'),
(1246, 2, 4, 61, 'Handmade gold and gems ? Gold smith ?engraving and embossing', '6 to 8 Mon'),
(1247, 2, 4, 61, 'Handmade gold and gems ? Gold smith ?frame', '6 to 8 Mon'),
(1248, 2, 4, 61, 'Handmade gold and gems ? Gold smith ?kundan and jadau', '6 to 8 Mon'),
(1249, 2, 4, 61, 'Handmade gold and gems ? Locker manager', '6 to 8 Mon'),
(1250, 2, 4, 61, 'Handmade gold and gems ? Master maker ? hand', '6 to 8 Mon'),
(1251, 2, 4, 61, 'Handmade gold and gems ? Order processor', '6 to 8 Mon'),
(1252, 2, 4, 61, 'Handmade gold and gems ? Polisher and cleaner', '6 to 8 Mon'),
(1253, 2, 4, 61, 'Handmade gold and gems ? Procurement manager ? raw materials', '6 to 8 Mon'),
(1254, 2, 4, 61, 'Handmade gold and gems ? Production manager(handmade jewellery)', '6 to 8 Mon'),
(1255, 2, 4, 61, 'Handmade gold and gems ? Setter', '6 to 8 Mon'),
(1256, 2, 4, 61, 'Handmade gold and gems ? Sorter', '6 to 8 Mon'),
(1257, 2, 4, 61, 'Handmade gold and gems ? Supervisor ?frame and components', '6 to 8 Mon'),
(1258, 2, 4, 61, 'Handmade gold and gems ? Polishing & cleaning', '6 to 8 Mon'),
(1259, 2, 4, 61, 'Handmade gold and gems ? Supervisor ?setting', '6 to 8 Mon'),
(1260, 2, 4, 61, 'Handmade gold and gems ? Tagger and labeller', '6 to 8 Mon'),
(1261, 2, 4, 61, 'Inventory manager', '6 to 8 Mon'),
(1262, 2, 4, 61, 'Jewellery retail - Appraiser and valour', '6 to 8 Mon'),
(1263, 2, 4, 61, 'Jewellery retail - Cashier', '6 to 8 Mon'),
(1264, 2, 4, 61, 'Jewellery retail - Floor manager', '6 to 8 Mon'),
(1265, 2, 4, 61, 'Jewellery retail - Jewellery retail sales associate (advanced)', '6 to 8 Mon'),
(1266, 2, 4, 61, 'Jewellery retail - Jewellery retail sales associate (basic)', '6 to 8 Mon'),
(1267, 2, 4, 61, 'Jewellery retail - Labeller', '6 to 8 Mon'),
(1268, 2, 4, 61, 'Jewellery retail - Merchandiser', '6 to 8 Mon'),
(1269, 2, 4, 61, 'Jewellery retail - Store manager', '6 to 8 Mon'),
(1270, 2, 4, 62, 'Solar PV installer ? civil', '6 to 8 Mon'),
(1271, 2, 4, 62, 'Solar PV installer ? Electrical', '6 to 8 Mon'),
(1272, 2, 4, 62, 'Solar PV installer ? (suryamitra)', '6 to 8 Mon'),
(1273, 2, 4, 62, 'Waste water treatment plant helper', '6 to 8 Mon'),
(1274, 2, 4, 62, 'Waste water treatment plant Technician', '6 to 8 Mon'),
(1275, 2, 4, 63, 'Abrasion machine operator', '6 to 8 Mon'),
(1276, 2, 4, 63, 'Acid cleaner', '6 to 8 Mon'),
(1277, 2, 4, 63, 'Agarbatti backer', '6 to 8 Mon'),
(1278, 2, 4, 63, 'Agarbatti perfume applicator', '6 to 8 Mon'),
(1279, 2, 4, 63, 'Artisan', '6 to 8 Mon'),
(1280, 2, 4, 63, 'Automatic machine rolled agarbatti maker', '6 to 8 Mon'),
(1281, 2, 4, 63, 'Automatic stick making M/C operator', '6 to 8 Mon'),
(1282, 2, 4, 63, 'Ball maker / ball cooler', '6 to 8 Mon'),
(1283, 2, 4, 63, 'Bamboo art work maker', '6 to 8 Mon'),
(1284, 2, 4, 63, 'Bamboo basket maker', '6 to 8 Mon'),
(1285, 2, 4, 63, 'Bamboo mat weaver', '6 to 8 Mon'),
(1286, 2, 4, 63, 'Bamboo processing and dyer', '6 to 8 Mon'),
(1287, 2, 4, 63, 'Bamboo utility handicraft assembler', '6 to 8 Mon'),
(1288, 2, 4, 63, 'Bamboo utility product tailor', '6 to 8 Mon'),
(1289, 2, 4, 63, 'Binder', '6 to 8 Mon'),
(1290, 2, 4, 63, 'Blower', '6 to 8 Mon'),
(1291, 2, 4, 63, 'Brushing operator', '6 to 8 Mon'),
(1292, 2, 4, 63, 'Carpet final inspector', '6 to 8 Mon'),
(1293, 2, 4, 63, 'Carving artisan', '6 to 8 Mon'),
(1294, 2, 4, 63, 'Casting operator', '6 to 8 Mon'),
(1295, 2, 4, 63, 'Casting operator (ceramics)', '6 to 8 Mon'),
(1296, 2, 4, 63, 'Chiseller', '6 to 8 Mon'),
(1297, 2, 4, 63, 'Clipper & embosser', '6 to 8 Mon'),
(1298, 2, 4, 63, 'Colour cut & carpet repairer (rang katawaala)', '6 to 8 Mon'),
(1299, 2, 4, 63, 'Colour mixing operator (ceramics)', '6 to 8 Mon'),
(1300, 2, 4, 63, 'Computer designer', '6 to 8 Mon'),
(1301, 2, 4, 63, 'Crochet lace maker ? accessories', '6 to 8 Mon'),
(1302, 2, 4, 63, 'Crochet lace maker ? Apparel', '6 to 8 Mon'),
(1303, 2, 4, 63, 'Crochet lace maker ? Furnishing', '6 to 8 Mon'),
(1304, 2, 4, 63, 'Crochet laceTailor', '6 to 8 Mon'),
(1305, 2, 4, 63, 'Cutting operator', '6 to 8 Mon'),
(1306, 2, 4, 63, 'Design maker / supervisor', '6 to 8 Mon'),
(1307, 2, 4, 63, 'Designer & sketcher', '6 to 8 Mon'),
(1308, 2, 4, 63, 'Drill machine operator', '6 to 8 Mon'),
(1309, 2, 4, 63, 'Dryer', '6 to 8 Mon'),
(1310, 2, 4, 63, 'Dyer', '6 to 8 Mon'),
(1311, 2, 4, 63, 'Embossing artisan', '6 to 8 Mon'),
(1312, 2, 4, 63, 'Engraving artisan', '6 to 8 Mon'),
(1313, 2, 4, 63, 'Etching machine operator', '6 to 8 Mon'),
(1314, 2, 4, 63, 'Filing artisan', '6 to 8 Mon'),
(1315, 2, 4, 63, 'Finisher', '6 to 8 Mon'),
(1316, 2, 4, 63, 'Fitter', '6 to 8 Mon'),
(1317, 2, 4, 63, 'Floor supervisor (ceramics)', '6 to 8 Mon'),
(1318, 2, 4, 63, 'Furnace operator', '6 to 8 Mon'),
(1319, 2, 4, 63, 'Furnace operator (ceramics)', '6 to 8 Mon'),
(1320, 2, 4, 63, 'Glazing operator (ceramics)', '6 to 8 Mon'),
(1321, 2, 4, 63, 'Grinder', '6 to 8 Mon'),
(1322, 2, 4, 63, 'Hammering artisan', '6 to 8 Mon'),
(1323, 2, 4, 63, 'Hand rolled agarbatti maker', '6 to 8 Mon'),
(1324, 2, 4, 63, 'Handloom weaver (carpets)', '6 to 8 Mon'),
(1325, 2, 4, 63, 'Handmade bamboo agarbatti stick making', '6 to 8 Mon'),
(1326, 2, 4, 63, 'Handmade bamboo stick maker', '6 to 8 Mon'),
(1327, 2, 4, 63, 'In lay artisan', '6 to 8 Mon'),
(1328, 2, 4, 63, 'Inspection operator', '6 to 8 Mon'),
(1329, 2, 4, 63, 'Jigger operator (ceramics)', '6 to 8 Mon'),
(1330, 2, 4, 63, 'Lab assistant (ceramics)', '6 to 8 Mon'),
(1331, 2, 4, 63, 'Lacquerer', '6 to 8 Mon'),
(1332, 2, 4, 63, 'Laminator', '6 to 8 Mon'),
(1333, 2, 4, 63, 'Latexing man', '6 to 8 Mon'),
(1334, 2, 4, 63, 'Lathe machine operator /turner', '6 to 8 Mon'),
(1335, 2, 4, 63, 'Layer oven operator', '6 to 8 Mon'),
(1336, 2, 4, 63, 'Loom supervisor ?knocted carpets', '6 to 8 Mon'),
(1337, 2, 4, 63, 'Master crochet lace maker', '6 to 8 Mon'),
(1338, 2, 4, 63, 'Merchandiser', '6 to 8 Mon'),
(1339, 2, 4, 63, 'Mixing machine operator', '6 to 8 Mon'),
(1340, 2, 4, 63, 'Mixing operator (ceramics)', '6 to 8 Mon'),
(1341, 2, 4, 63, 'Modeller (ceramics)', '6 to 8 Mon'),
(1342, 2, 4, 63, 'Moulder (ceramics)', '6 to 8 Mon'),
(1343, 2, 4, 63, 'Packer', '6 to 8 Mon'),
(1344, 2, 4, 63, 'Painter', '6 to 8 Mon'),
(1345, 2, 4, 63, 'Painter / nakkash', '6 to 8 Mon'),
(1346, 2, 4, 63, 'Paper Mache art designer', '6 to 8 Mon'),
(1347, 2, 4, 63, 'Paper Mache art promoter', '6 to 8 Mon'),
(1348, 2, 4, 63, 'Pedal operator M/C agarbatti maker', '6 to 8 Mon'),
(1349, 2, 4, 63, 'Piercer & matcher', '6 to 8 Mon'),
(1350, 2, 4, 63, 'Polisher', '6 to 8 Mon'),
(1351, 2, 4, 63, 'Press man', '6 to 8 Mon'),
(1352, 2, 4, 63, 'Product checker / quality checker', '6 to 8 Mon'),
(1353, 2, 4, 63, 'Quality checker technician (ceramics)', '6 to 8 Mon'),
(1354, 2, 4, 63, 'Quality supervisor', '6 to 8 Mon'),
(1355, 2, 4, 63, 'Rubbing operator', '6 to 8 Mon'),
(1356, 2, 4, 63, 'Sakhta?kharadi', '6 to 8 Mon'),
(1357, 2, 4, 63, 'Sakhta? paper pulp', '6 to 8 Mon'),
(1358, 2, 4, 63, 'Sakhta ? wood', '6 to 8 Mon'),
(1359, 2, 4, 63, 'Semi ?mechanized bamboo stick maker', '6 to 8 Mon'),
(1360, 2, 4, 63, 'Shade supervisor', '6 to 8 Mon'),
(1361, 2, 4, 63, 'Shade writer sieving artisan (ceramics)', '6 to 8 Mon'),
(1362, 2, 4, 63, 'Silver coating technician', '6 to 8 Mon'),
(1363, 2, 4, 63, 'Sketching and painting artisan (ceramics)', '6 to 8 Mon'),
(1364, 2, 4, 63, 'Stamping operator', '6 to 8 Mon'),
(1365, 2, 4, 63, 'Stone cutter (cutting machine operator', '6 to 8 Mon'),
(1366, 2, 4, 63, 'Stone grinder (grinding machine operator)', '6 to 8 Mon'),
(1367, 2, 4, 63, 'Threading /drilling operator', '6 to 8 Mon'),
(1368, 2, 4, 63, 'Tufted weaving supervisor', '6 to 8 Mon'),
(1369, 2, 4, 63, 'Tufting gun master', '6 to 8 Mon'),
(1370, 2, 4, 63, 'Washer', '6 to 8 Mon'),
(1371, 2, 4, 63, 'Yarn opener', '6 to 8 Mon'),
(1372, 2, 4, 64, 'Anaesthesia technician', '6 to 8 Mon'),
(1373, 2, 4, 64, 'Assistant physiotherapist', '6 to 8 Mon'),
(1374, 2, 4, 64, 'Blood bank technician', '6 to 8 Mon'),
(1375, 2, 4, 64, 'Cardiac care technician', '6 to 8 Mon'),
(1376, 2, 4, 64, 'Dental assistant', '6 to 8 Mon'),
(1377, 2, 4, 64, 'Dental technician', '6 to 8 Mon'),
(1378, 2, 4, 64, 'Dento oral hygienist', '6 to 8 Mon'),
(1379, 2, 4, 64, 'Diabetes educator', '6 to 8 Mon'),
(1380, 2, 4, 64, 'Dialysis technician', '6 to 8 Mon'),
(1381, 2, 4, 64, 'Diet assistant', '6 to 8 Mon'),
(1382, 2, 4, 64, 'Emergency medical technician ? advanced', '6 to 8 Mon'),
(1383, 2, 4, 64, 'Emergency medical technician ? Basic', '6 to 8 Mon'),
(1384, 2, 4, 64, 'Front line health worker', '6 to 8 Mon'),
(1385, 2, 4, 64, 'General duty assistant', '6 to 8 Mon'),
(1386, 2, 4, 64, 'Histo technician', '6 to 8 Mon'),
(1387, 2, 4, 64, 'Home health aide', '6 to 8 Mon'),
(1388, 2, 4, 64, 'Medical equipment technician (basic clinical equipment?s)', '6 to 8 Mon'),
(1389, 2, 4, 64, 'Medical laboratory technician', '6 to 8 Mon'),
(1390, 2, 4, 64, 'Medical records & health information technician', '6 to 8 Mon'),
(1391, 2, 4, 64, 'Mental health counsellor', '6 to 8 Mon'),
(1392, 2, 4, 64, 'Operation theatre technician', '6 to 8 Mon'),
(1393, 2, 4, 64, 'Pharmacy assistant', '6 to 8 Mon'),
(1394, 2, 4, 64, 'Phlebotomy technician', '6 to 8 Mon'),
(1395, 2, 4, 64, 'Radiology technician', '6 to 8 Mon'),
(1396, 2, 4, 64, 'Perfectionist', '6 to 8 Mon'),
(1397, 2, 4, 64, 'Speech audio therapy assistant', '6 to 8 Mon'),
(1398, 2, 4, 64, 'Vision technician', '6 to 8 Mon'),
(1399, 2, 4, 64, 'X- Ray technician', '6 to 8 Mon'),
(1400, 2, 4, 65, 'Backhoe loader operator', '6 to 8 Mon'),
(1401, 2, 4, 65, 'Batching plant operator', '6 to 8 Mon'),
(1402, 2, 4, 65, 'Compactoroperator', '6 to 8 Mon'),
(1403, 2, 4, 65, 'Concrete pumpoperator', '6 to 8 Mon'),
(1404, 2, 4, 65, 'Crawler craneoperator', '6 to 8 Mon'),
(1405, 2, 4, 65, 'Crusheroperator', '6 to 8 Mon'),
(1406, 2, 4, 65, 'Excavatoroperator', '6 to 8 Mon'),
(1407, 2, 4, 65, 'Hot mix plantoperator', '6 to 8 Mon'),
(1408, 2, 4, 65, 'Hydra craneoperator', '6 to 8 Mon'),
(1409, 2, 4, 65, 'Junior batching plantoperator', '6 to 8 Mon'),
(1410, 2, 4, 65, 'Junior Backhoeoperator', '6 to 8 Mon'),
(1411, 2, 4, 65, 'Junior crusheroperator', '6 to 8 Mon'),
(1412, 2, 4, 65, 'Junior excavatoroperator', '6 to 8 Mon'),
(1413, 2, 4, 65, 'Junior hot mix plantoperator', '6 to 8 Mon'),
(1414, 2, 4, 65, 'Junior mechanic (engine)', '6 to 8 Mon'),
(1415, 2, 4, 65, 'Junior mechanic (hydraulic)', '6 to 8 Mon'),
(1416, 2, 4, 65, 'Junior operator crane', '6 to 8 Mon'),
(1417, 2, 4, 65, 'Junior paver operator /screed man', '6 to 8 Mon'),
(1418, 2, 4, 65, 'Junior transit mixer operator', '6 to 8 Mon'),
(1419, 2, 4, 65, 'Mechanic(electrical / electronic / instrumentation)', '6 to 8 Mon'),
(1420, 2, 4, 65, 'Mechanic (engine)', '6 to 8 Mon'),
(1421, 2, 4, 65, 'Mechanic (hydraulic)', '6 to 8 Mon'),
(1422, 2, 4, 65, 'Paver operator', '6 to 8 Mon'),
(1423, 2, 4, 65, 'Supervisor (machinery & plant)', '6 to 8 Mon'),
(1424, 2, 4, 65, 'Supervisor maintenance (infrastructure equipment)', '6 to 8 Mon'),
(1425, 2, 4, 65, 'Transit mixer operator', '6 to 8 Mon'),
(1426, 2, 4, 65, 'Tyre mounted crane operation', '6 to 8 Mon'),
(1427, 2, 4, 65, 'Wheel loader operator', '6 to 8 Mon'),
(1428, 2, 4, 66, 'Battery anchorage regulator', '6 to 8 Mon'),
(1429, 2, 4, 66, 'Battery operator', '6 to 8 Mon'),
(1430, 2, 4, 66, 'Bearing maintenance', '6 to 8 Mon'),
(1431, 2, 4, 66, 'Cast house junior operator', '6 to 8 Mon'),
(1432, 2, 4, 66, 'Cast house senior operator', '6 to 8 Mon'),
(1433, 2, 4, 66, 'Coil packaging operator rolling mills', '6 to 8 Mon'),
(1434, 2, 4, 66, 'Control room operator', '6 to 8 Mon'),
(1435, 2, 4, 66, 'Control room operator ?agglomeration', '6 to 8 Mon'),
(1436, 2, 4, 66, 'Conveyor and other bulk material handling fitter ? instrumentation', '6 to 8 Mon'),
(1437, 2, 4, 66, 'Fitter and maintenance water cooling', '6 to 8 Mon'),
(1438, 2, 4, 66, 'Fitter ? hydraulic & pneumatic system', '6 to 8 Mon'),
(1439, 2, 4, 66, 'Fitter ?Levelling, alignments, balancing', '6 to 8 Mon'),
(1440, 2, 4, 66, 'Fitter electrical assembly', '6 to 8 Mon'),
(1441, 2, 4, 66, 'Fitter electronic assembly', '6 to 8 Mon'),
(1442, 2, 4, 66, 'Fitter heating insulation', '6 to 8 Mon'),
(1443, 2, 4, 66, 'Fitter maintenance ? ferro alloys', '6 to 8 Mon'),
(1444, 2, 4, 66, 'Fluid management operator rolling mills', '6 to 8 Mon'),
(1445, 2, 4, 66, 'Furnanceoperator ? ferro alloys', '6 to 8 Mon'),
(1446, 2, 4, 66, 'Heating regulator', '6 to 8 Mon'),
(1447, 2, 4, 66, 'House keeping with mechanised equipment', '6 to 8 Mon'),
(1448, 2, 4, 66, 'Laboratory technician ? physical analysis', '6 to 8 Mon'),
(1449, 2, 4, 66, 'Lancing & scarfing operator', '6 to 8 Mon'),
(1450, 2, 4, 66, 'Locomotive driver', '6 to 8 Mon'),
(1451, 2, 4, 66, 'Manual packaging & marketing operations', '6 to 8 Mon'),
(1452, 2, 4, 66, 'Marker & signage painter', '6 to 8 Mon'),
(1453, 2, 4, 66, 'Mobile equipment maintenance', '6 to 8 Mon'),
(1454, 2, 4, 66, 'Mobile equipment operator', '6 to 8 Mon'),
(1455, 2, 4, 66, 'Pipeline fitter & maintenance', '6 to 8 Mon'),
(1456, 2, 4, 66, 'Plasma cutter ? manual', '6 to 8 Mon'),
(1457, 2, 4, 66, 'Raw material handling operator', '6 to 8 Mon'),
(1458, 2, 4, 66, 'Refractory bricks layer', '6 to 8 Mon'),
(1459, 2, 4, 66, 'Reversing system maintenance', '6 to 8 Mon'),
(1460, 2, 4, 66, 'Rigger ? rigging of heavy materials', '6 to 8 Mon'),
(1461, 2, 4, 66, 'Screen & crusher operator', '6 to 8 Mon'),
(1462, 2, 4, 66, 'Shift in charge ? furnance ?ferro alloys', '6 to 8 Mon'),
(1463, 2, 4, 66, 'Stoking car operator', '6 to 8 Mon'),
(1464, 2, 4, 66, 'Supervisor ? refractory brick laying', '6 to 8 Mon'),
(1465, 2, 4, 66, 'Technician furnance transformer- ferro alloys', '6 to 8 Mon'),
(1466, 2, 4, 66, 'Tungsten inert gas welder (GTAW)', '6 to 8 Mon'),
(1467, 2, 4, 67, 'Analyst', '6 to 8 Mon'),
(1468, 2, 4, 67, 'Analyst ? research', '6 to 8 Mon'),
(1469, 2, 4, 67, 'Application maintenance engineer', '6 to 8 Mon'),
(1470, 2, 4, 67, 'Assessor', '6 to 8 Mon'),
(1471, 2, 4, 67, 'Associate ? analytics', '6 to 8 Mon'),
(1472, 2, 4, 67, 'Associate ? Clinical data management', '6 to 8 Mon'),
(1473, 2, 4, 67, 'Associate ? CRM', '6 to 8 Mon'),
(1474, 2, 4, 67, 'Associate ? Desktop publishing', '6 to 8 Mon'),
(1475, 2, 4, 67, 'Associate ? Editorial', '6 to 8 Mon'),
(1476, 2, 4, 67, 'Associate ? HRO', '6 to 8 Mon'),
(1477, 2, 4, 67, 'Associate ? SCM', '6 to 8 Mon'),
(1478, 2, 4, 67, 'Associate ? Recruitment', '6 to 8 Mon'),
(1479, 2, 4, 67, 'Associate ? Customer care ( non-voice)', '6 to 8 Mon'),
(1480, 2, 4, 67, 'Associate ? Operations engineer', '6 to 8 Mon'),
(1481, 2, 4, 67, 'Associate ? Learning', '6 to 8 Mon'),
(1482, 2, 4, 67, 'Associate ? F&A complex', '6 to 8 Mon'),
(1483, 2, 4, 67, 'Associate ? Medical transcription', '6 to 8 Mon'),
(1484, 2, 4, 67, 'Collections executive', '6 to 8 Mon'),
(1485, 2, 4, 67, 'Communication analyst', '6 to 8 Mon'),
(1486, 2, 4, 67, 'CRM domestic non voice', '6 to 8 Mon'),
(1487, 2, 4, 67, 'CRM domestic voice', '6 to 8 Mon'),
(1488, 2, 4, 67, 'Deployment engineer', '6 to 8 Mon'),
(1489, 2, 4, 67, 'Design engineer', '6 to 8 Mon'),
(1490, 2, 4, 67, 'Design engineer ? EA', '6 to 8 Mon'),
(1491, 2, 4, 67, 'Design engineer ?PMS', '6 to 8 Mon'),
(1492, 2, 4, 67, 'Document coder / processor', '6 to 8 Mon'),
(1493, 2, 4, 67, 'Domestic biometric data operator', '6 to 8 Mon'),
(1494, 2, 4, 67, 'Domestic data entry operator', '6 to 8 Mon'),
(1495, 2, 4, 67, 'Domestic IT helpdesk attendant', '6 to 8 Mon'),
(1496, 2, 4, 67, 'Engineer trainee', '6 to 8 Mon'),
(1497, 2, 4, 67, 'Engineer ? packaging', '6 to 8 Mon'),
(1498, 2, 4, 67, 'Engineer ? technical support (level ? 1)', '6 to 8 Mon'),
(1499, 2, 4, 67, 'Hardware engineer', '6 to 8 Mon'),
(1500, 2, 4, 67, 'Infrastructure engineer', '6 to 8 Mon'),
(1501, 2, 4, 67, 'IP executive', '6 to 8 Mon'),
(1502, 2, 4, 67, 'Junior data associate', '6 to 8 Mon'),
(1503, 2, 4, 67, 'Junior software developer', '6 to 8 Mon'),
(1504, 2, 4, 67, 'Language translator', '6 to 8 Mon'),
(1505, 2, 4, 67, 'Lead assessor', '6 to 8 Mon'),
(1506, 2, 4, 67, 'Lead trainer', '6 to 8 Mon'),
(1507, 2, 4, 67, 'Legal associate', '6 to 8 Mon'),
(1508, 2, 4, 67, 'Management trainee', '6 to 8 Mon'),
(1509, 2, 4, 67, 'Management trainee ? marketing', '6 to 8 Mon'),
(1510, 2, 4, 67, 'Market research associate', '6 to 8 Mon'),
(1511, 2, 4, 67, 'Master trainer for software developer', '6 to 8 Mon'),
(1512, 2, 4, 67, 'Media developer', '6 to 8 Mon'),
(1513, 2, 4, 67, 'Product design engineer ? mechanical', '6 to 8 Mon'),
(1514, 2, 4, 67, 'Product executive', '6 to 8 Mon'),
(1515, 2, 4, 67, 'QA engineer', '6 to 8 Mon'),
(1516, 2, 4, 67, 'Quality engineer', '6 to 8 Mon'),
(1517, 2, 4, 67, 'Research associate', '6 to 8 Mon'),
(1518, 2, 4, 67, 'Sales and pre sales analyst', '6 to 8 Mon'),
(1519, 2, 4, 67, 'Sales / pre sales executive', '6 to 8 Mon'),
(1520, 2, 4, 67, 'Security analyst', '6 to 8 Mon'),
(1521, 2, 4, 67, 'Software developer', '6 to 8 Mon'),
(1522, 2, 4, 67, 'Software engineer', '6 to 8 Mon'),
(1523, 2, 4, 67, 'Support engineer', '6 to 8 Mon'),
(1524, 2, 4, 67, 'Technical support executive ? non voice', '6 to 8 Mon'),
(1525, 2, 4, 67, 'Technical support executive ? voice', '6 to 8 Mon'),
(1526, 2, 4, 67, 'Technical writer', '6 to 8 Mon'),
(1527, 2, 4, 67, 'Test engineer', '6 to 8 Mon'),
(1528, 2, 4, 67, 'Test engineer ? software', '6 to 8 Mon'),
(1529, 2, 4, 67, 'Tester / test engineer ? hardware', '6 to 8 Mon'),
(1530, 2, 4, 67, 'Trainer', '6 to 8 Mon'),
(1531, 2, 4, 67, 'UI developer', '6 to 8 Mon'),
(1532, 2, 4, 67, 'Web developer', '6 to 8 Mon'),
(1533, 2, 4, 68, 'Buffering operator', '6 to 8 Mon'),
(1534, 2, 4, 68, 'CAD CAM operator', '6 to 8 Mon'),
(1535, 2, 4, 68, 'CAD CAM  -Garments', '6 to 8 Mon'),
(1536, 2, 4, 68, 'CAD CAM  -Goods', '6 to 8 Mon'),
(1537, 2, 4, 68, 'Drum operator', '6 to 8 Mon'),
(1538, 2, 4, 68, 'Finishing operator ( foot wear)', '6 to 8 Mon'),
(1539, 2, 4, 68, 'Fleshing operator', '6 to 8 Mon'),
(1540, 2, 4, 68, 'Glazing operator', '6 to 8 Mon'),
(1541, 2, 4, 68, 'Harness maker', '6 to 8 Mon'),
(1542, 2, 4, 68, 'Heel attacher(ladies shoe)', '6 to 8 Mon'),
(1543, 2, 4, 68, 'Heel builder', '6 to 8 Mon'),
(1544, 2, 4, 68, 'Helper - bottom making', '6 to 8 Mon'),
(1545, 2, 4, 68, 'Helper - Dry operations', '6 to 8 Mon'),
(1546, 2, 4, 68, 'Helper - Finishing operations', '6 to 8 Mon'),
(1547, 2, 4, 68, 'Helper - Parts making', '6 to 8 Mon'),
(1548, 2, 4, 68, 'Helper - Upper making', '6 to 8 Mon'),
(1549, 2, 4, 68, 'Helper - Wet operations (multi skilled)', '6 to 8 Mon'),
(1550, 2, 4, 68, 'Lester (by hand)', '6 to 8 Mon'),
(1551, 2, 4, 68, 'Lasting operator', '6 to 8 Mon'),
(1552, 2, 4, 68, 'Line supervisor', '6 to 8 Mon'),
(1553, 2, 4, 68, 'Moulding operator', '6 to 8 Mon'),
(1554, 2, 4, 68, 'Moulding supervisor (Non leather footwear)', '6 to 8 Mon'),
(1555, 2, 4, 68, 'Pattern cutter', '6 to 8 Mon'),
(1556, 2, 4, 68, 'Pattern cutter (goods & garments)', '6 to 8 Mon'),
(1557, 2, 4, 68, 'Post tanning machine operator', '6 to 8 Mon'),
(1558, 2, 4, 68, 'Pre ? assembly operator', '6 to 8 Mon'),
(1559, 2, 4, 68, 'Product developer', '6 to 8 Mon'),
(1560, 2, 4, 68, 'Quality control inspector (goods & garments)', '6 to 8 Mon'),
(1561, 2, 4, 68, 'Quality control inspector (leather footwear)', '6 to 8 Mon'),
(1562, 2, 4, 68, 'Quality control inspector (Non leather footwear)', '6 to 8 Mon'),
(1563, 2, 4, 68, 'Quality control inspector (saddler)', '6 to 8 Mon'),
(1564, 2, 4, 68, 'Saddle maker', '6 to 8 Mon'),
(1565, 2, 4, 68, 'Sample maker (goods & garments)', '6 to 8 Mon'),
(1566, 2, 4, 68, 'Sample making', '6 to 8 Mon'),
(1567, 2, 4, 68, 'Scudding operator', '6 to 8 Mon'),
(1568, 2, 4, 68, 'Setting operator', '6 to 8 Mon'),
(1569, 2, 4, 68, 'Sewing machine operator (saddler)', '6 to 8 Mon'),
(1570, 2, 4, 68, 'Shaving operator', '6 to 8 Mon'),
(1571, 2, 4, 69, 'Associate brand manager ? life sciences', '6 to 8 Mon'),
(1572, 2, 4, 69, 'Bio process engineer', '6 to 8 Mon'),
(1573, 2, 4, 69, 'Business development executive ? life sciences', '6 to 8 Mon'),
(1574, 2, 4, 69, 'Clean room engineer', '6 to 8 Mon'),
(1575, 2, 4, 69, 'Clinical research associate', '6 to 8 Mon'),
(1576, 2, 4, 69, 'Coordination manager ? life sciences', '6 to 8 Mon'),
(1577, 2, 4, 69, 'Data entry operator / documentation officer ? life sciences', '6 to 8 Mon'),
(1578, 2, 4, 69, 'Demand planning manager ? life sciences', '6 to 8 Mon'),
(1579, 2, 4, 69, 'Drug regulatory affairs chemist - life sciences', '6 to 8 Mon'),
(1580, 2, 4, 69, 'EHS manager? life sciences', '6 to 8 Mon'),
(1581, 2, 4, 69, 'Export logistics manager ? life sciences', '6 to 8 Mon'),
(1582, 2, 4, 69, 'Fitter mechanical? life sciences', '6 to 8 Mon'),
(1583, 2, 4, 69, 'Import logistics manager? life sciences', '6 to 8 Mon'),
(1584, 2, 4, 69, 'Lab technician / assistant? life sciences', '6 to 8 Mon'),
(1585, 2, 4, 69, 'Licensing manager ? life sciences', '6 to 8 Mon'),
(1586, 2, 4, 69, 'Maintenance supervisor / in charge ? gases? life sciences', '6 to 8 Mon'),
(1587, 2, 4, 69, 'Maintenance supervisor / in charge- HVAC? life sciences', '6 to 8 Mon'),
(1588, 2, 4, 69, 'Maintenance supervisor / in charge ? Steam? life sciences', '6 to 8 Mon'),
(1589, 2, 4, 69, 'Maintenance supervisor / in charge ? Water? life sciences', '6 to 8 Mon'),
(1590, 2, 4, 69, 'Maintenance supervisor / in charge ? Electricity? life sciences', '6 to 8 Mon'),
(1591, 2, 4, 69, 'Manufacturing assistant / helper? life sciences', '6 to 8 Mon'),
(1592, 2, 4, 69, 'Market research specialist? life sciences', '6 to 8 Mon'),
(1593, 2, 4, 69, 'Medical sales representative', '6 to 8 Mon'),
(1594, 2, 4, 69, 'Packaging assistant / helper? life sciences', '6 to 8 Mon'),
(1595, 2, 4, 69, 'Packaging supervisor / in charge ? machine? life sciences', '6 to 8 Mon'),
(1596, 2, 4, 69, 'Production planning supervisor / in charge / engineer ? life sciences', '6 to 8 Mon'),
(1597, 2, 4, 69, 'Production supervisor / in charge? life sciences', '6 to 8 Mon'),
(1598, 2, 4, 69, 'Production / machine operator? life sciences', '6 to 8 Mon'),
(1599, 2, 4, 69, 'Production/ manufacturing biologist? life sciences', '6 to 8 Mon'),
(1600, 2, 4, 69, 'Production / manufacturing chemist? life sciences', '6 to 8 Mon'),
(1601, 2, 4, 69, 'QA chemist', '6 to 8 Mon'),
(1602, 2, 4, 69, 'QA chemist equipment validation? life sciences', '6 to 8 Mon'),
(1603, 2, 4, 69, 'QA chemist Process validation? life sciences', '6 to 8 Mon'),
(1604, 2, 4, 69, 'QC assistant ? visual inspection / visual inspector ? life sciences', '6 to 8 Mon'),
(1605, 2, 4, 69, 'QC biologist', '6 to 8 Mon'),
(1606, 2, 4, 69, 'QC biologist ? batch release testing', '6 to 8 Mon'),
(1607, 2, 4, 69, 'QC biologist ? packaging', '6 to 8 Mon'),
(1608, 2, 4, 69, 'QC chemist', '6 to 8 Mon'),
(1609, 2, 4, 69, 'QC chemist batch release testing', '6 to 8 Mon'),
(1610, 2, 4, 69, 'QC chemist microbiology', '6 to 8 Mon'),
(1611, 2, 4, 69, 'QC chemist packaging', '6 to 8 Mon'),
(1612, 2, 4, 69, 'Quality management system in charge ? life sciences', '6 to 8 Mon'),
(1613, 2, 4, 69, 'Regulatory medical writer', '6 to 8 Mon'),
(1614, 2, 4, 69, 'Research associate / associate scientist ? analytical / technical / process development', '6 to 8 Mon'),
(1615, 2, 4, 69, 'Research associate / associate scientist ? product development', '6 to 8 Mon'),
(1616, 2, 4, 69, 'Scientific medical writer', '6 to 8 Mon'),
(1617, 2, 4, 69, 'Scientist clinical research development', '6 to 8 Mon'),
(1618, 2, 4, 69, 'SCM executive ? life sciences', '6 to 8 Mon'),
(1619, 2, 4, 69, 'Sourcing lead / vendor development ? life sciences', '6 to 8 Mon'),
(1620, 2, 4, 69, 'Stability specialist ? life sciences', '6 to 8 Mon'),
(1621, 2, 4, 69, 'Store chemist supervisor / in chare ? packaging material ? life sciences', '6 to 8 Mon'),
(1622, 2, 4, 69, 'Store chemist supervisor / in chare ? finishing goods ? life sciences', '6 to 8 Mon'),
(1623, 2, 4, 69, 'Store chemist supervisor / in chare ? raw materials ? life sciences', '6 to 8 Mon'),
(1624, 2, 4, 69, 'Supply chain manager? life sciences', '6 to 8 Mon'),
(1625, 2, 4, 69, 'Supply planning manager? life sciences', '6 to 8 Mon'),
(1626, 2, 4, 69, 'Tele sales executive? life sciences', '6 to 8 Mon'),
(1627, 2, 4, 69, 'Validation supervisor / in charge? life sciences', '6 to 8 Mon'),
(1628, 2, 4, 69, 'Vendor and internal audit in charge ? life sciences', '6 to 8 Mon'),
(1629, 2, 4, 70, 'Clearance support agent', '6 to 8 Mon'),
(1630, 2, 4, 70, 'Consignment booking assistant', '6 to 8 Mon'),
(1631, 2, 4, 70, 'Consignment tracing executive', '6 to 8 Mon'),
(1632, 2, 4, 70, 'Courier branch sales executive', '6 to 8 Mon'),
(1633, 2, 4, 70, 'Courier delivery executive', '6 to 8 Mon'),
(1634, 2, 4, 70, 'Courier institutional sales executive', '6 to 8 Mon'),
(1635, 2, 4, 70, 'Courier claim processor', '6 to 8 Mon'),
(1636, 2, 4, 70, 'Courier pick ? up executive', '6 to 8 Mon'),
(1637, 2, 4, 70, 'Courier sorter', '6 to 8 Mon'),
(1638, 2, 4, 70, 'Data feeder warehouse', '6 to 8 Mon'),
(1639, 2, 4, 70, 'Delivery management cell agent', '6 to 8 Mon'),
(1640, 2, 4, 70, 'Documentation assistant', '6 to 8 Mon'),
(1641, 2, 4, 70, 'Goods packaging machine operator', '6 to 8 Mon'),
(1642, 2, 4, 70, 'Inventory clerk', '6 to 8 Mon'),
(1643, 2, 4, 70, 'Key consignor executive', '6 to 8 Mon'),
(1644, 2, 4, 70, 'Kitting and labelling', '6 to 8 Mon'),
(1645, 2, 4, 70, 'Lead courier', '6 to 8 Mon'),
(1646, 2, 4, 70, 'Loader / unloader', '6 to 8 Mon'),
(1647, 2, 4, 70, 'Loading supervisor', '6 to 8 Mon'),
(1648, 2, 4, 70, 'Mail handler', '6 to 8 Mon'),
(1649, 2, 4, 70, 'Material handling equipment (MHE) maintenance technician', '6 to 8 Mon'),
(1650, 2, 4, 70, 'Reach truck operator', '6 to 8 Mon'),
(1651, 2, 4, 70, 'Receiving assistant', '6 to 8 Mon'),
(1652, 2, 4, 70, 'Shipment bagging agent', '6 to 8 Mon'),
(1653, 2, 4, 70, 'Shipment classification agent', '6 to 8 Mon'),
(1654, 2, 4, 70, 'Shipment query handler', '6 to 8 Mon'),
(1655, 2, 4, 70, 'Transport consolidator', '6 to 8 Mon'),
(1656, 2, 4, 70, 'Transport coordinator', '6 to 8 Mon'),
(1657, 2, 4, 70, 'Warehouse banner', '6 to 8 Mon'),
(1658, 2, 4, 70, 'Warehouse packer', '6 to 8 Mon'),
(1659, 2, 4, 70, 'Warehouse quality checker', '6 to 8 Mon'),
(1660, 2, 4, 70, 'Warehouse claims coordinator', '6 to 8 Mon'),
(1661, 2, 4, 70, 'Warehouse supervisor', '6 to 8 Mon'),
(1662, 2, 4, 71, 'Accounts director', '6 to 8 Mon'),
(1663, 2, 4, 71, 'Accounts executive', '6 to 8 Mon'),
(1664, 2, 4, 71, 'Advertising operational coordinator', '6 to 8 Mon'),
(1665, 2, 4, 71, 'Animation director', '6 to 8 Mon'),
(1666, 2, 4, 71, 'Animator', '6 to 8 Mon'),
(1667, 2, 4, 71, 'Art director', '6 to 8 Mon'),
(1668, 2, 4, 71, 'Art director / set designer', '6 to 8 Mon'),
(1669, 2, 4, 71, 'Assistant camera man', '6 to 8 Mon'),
(1670, 2, 4, 71, 'Camera operator', '6 to 8 Mon'),
(1671, 2, 4, 71, 'Character designer', '6 to 8 Mon'),
(1672, 2, 4, 71, 'Colour key artist', '6 to 8 Mon'),
(1673, 2, 4, 71, 'Colourist', '6 to 8 Mon'),
(1674, 2, 4, 71, 'Director of photography', '6 to 8 Mon'),
(1675, 2, 4, 71, 'Editor', '6 to 8 Mon'),
(1676, 2, 4, 71, 'Executive producer', '6 to 8 Mon'),
(1677, 2, 4, 71, 'Hair dresser', '6 to 8 Mon'),
(1678, 2, 4, 71, 'Layout designer', '6 to 8 Mon'),
(1679, 2, 4, 71, 'Lighting artist', '6 to 8 Mon'),
(1680, 2, 4, 71, 'Line producer', '6 to 8 Mon');
INSERT INTO `jiier_paper` (`id`, `program_id`, `degree_id`, `degree_type_id`, `paper_name`, `year`) VALUES
(1681, 2, 4, 71, 'Live action director', '6 to 8 Mon'),
(1682, 2, 4, 71, 'Location manager', '6 to 8 Mon'),
(1683, 2, 4, 71, 'Makeup artist', '6 to 8 Mon'),
(1684, 2, 4, 71, 'Props master', '6 to 8 Mon'),
(1685, 2, 4, 71, 'Prosthetics artist', '6 to 8 Mon'),
(1686, 2, 4, 71, 'Rendering artist', '6 to 8 Mon'),
(1687, 2, 4, 71, 'Rigging artist', '6 to 8 Mon'),
(1688, 2, 4, 71, 'Roto artist', '6 to 8 Mon'),
(1689, 2, 4, 71, 'Sales coordinator', '6 to 8 Mon'),
(1690, 2, 4, 71, 'Sales director', '6 to 8 Mon'),
(1691, 2, 4, 71, 'Script editor', '6 to 8 Mon'),
(1692, 2, 4, 71, 'Script researcher', '6 to 8 Mon'),
(1693, 2, 4, 71, 'Script writer', '6 to 8 Mon'),
(1694, 2, 4, 71, 'Set carpenter', '6 to 8 Mon'),
(1695, 2, 4, 71, 'Set decorator', '6 to 8 Mon'),
(1696, 2, 4, 71, 'Set plasterer', '6 to 8 Mon'),
(1697, 2, 4, 71, 'Sound assistant', '6 to 8 Mon'),
(1698, 2, 4, 71, 'Sound designer', '6 to 8 Mon'),
(1699, 2, 4, 71, 'Sound engineer', '6 to 8 Mon'),
(1700, 2, 4, 71, 'Sound editor 4', '6 to 8 Mon'),
(1701, 2, 4, 71, 'Story board artist', '6 to 8 Mon'),
(1702, 2, 4, 71, 'Unit production manager', '6 to 8 Mon'),
(1703, 2, 4, 71, 'VFX editor', '6 to 8 Mon'),
(1704, 2, 4, 71, 'Voice over artist', '6 to 8 Mon'),
(1705, 2, 4, 72, 'Wire saw operator', '6 to 8 Mon'),
(1706, 2, 4, 72, 'Sprinkler and other vehicle driver', '6 to 8 Mon'),
(1707, 2, 4, 72, 'Mazdoor / helper', '6 to 8 Mon'),
(1708, 2, 4, 72, 'Loader operator', '6 to 8 Mon'),
(1709, 2, 4, 72, 'Mechanic / fitter', '6 to 8 Mon'),
(1710, 2, 4, 72, 'Explosive handler', '6 to 8 Mon'),
(1711, 2, 4, 72, 'Bulldozer operator', '6 to 8 Mon'),
(1712, 2, 4, 72, 'Rig mounted drill operator', '6 to 8 Mon'),
(1713, 2, 4, 72, 'Grader operator', '6 to 8 Mon'),
(1714, 2, 4, 72, 'Assistant mine surveyor', '6 to 8 Mon'),
(1715, 2, 4, 72, 'Explosive handler', '6 to 8 Mon'),
(1716, 2, 4, 72, 'Explosive van operator', '6 to 8 Mon'),
(1717, 2, 4, 72, 'Fireman', '6 to 8 Mon'),
(1718, 2, 4, 72, 'Haulage operator', '6 to 8 Mon'),
(1719, 2, 4, 72, 'HEMM mechanic', '6 to 8 Mon'),
(1720, 2, 4, 72, 'Ore processing operation', '6 to 8 Mon'),
(1721, 2, 4, 72, 'SDL & LHD Operator', '6 to 8 Mon'),
(1722, 2, 4, 72, 'Safety operator', '6 to 8 Mon'),
(1723, 2, 4, 72, 'Long wall operator', '6 to 8 Mon'),
(1724, 2, 4, 72, 'Mechatronics in charge', '6 to 8 Mon'),
(1725, 2, 4, 72, 'Reclamation supervisor', '6 to 8 Mon'),
(1726, 2, 4, 72, 'Mine machinist', '6 to 8 Mon'),
(1727, 2, 4, 72, 'Banks man', '6 to 8 Mon'),
(1728, 2, 4, 72, 'Mining shot firer / blaster', '6 to 8 Mon'),
(1729, 2, 4, 72, 'Compressor operator', '6 to 8 Mon'),
(1730, 2, 4, 72, 'Mine electrician', '6 to 8 Mon'),
(1731, 2, 4, 72, 'Gas detector', '6 to 8 Mon'),
(1732, 2, 4, 72, 'Jumbo drill operator / jumbo operator', '6 to 8 Mon'),
(1733, 2, 4, 72, 'Mining mate', '6 to 8 Mon'),
(1734, 2, 4, 72, 'Dewatering pump operator', '6 to 8 Mon'),
(1735, 2, 4, 72, 'Sampler', '6 to 8 Mon'),
(1736, 2, 4, 72, 'Timber man', '6 to 8 Mon'),
(1737, 2, 4, 72, 'Track layer operation', '6 to 8 Mon'),
(1738, 2, 4, 72, 'Ventilation adequacy checker / fan operator', '6 to 8 Mon'),
(1739, 2, 4, 72, 'Winding engine operator', '6 to 8 Mon'),
(1740, 2, 4, 72, 'Roof bolter', '6 to 8 Mon'),
(1741, 2, 4, 72, 'Strata monitoring operator', '6 to 8 Mon'),
(1742, 2, 4, 72, 'Mine welder', '6 to 8 Mon'),
(1743, 2, 4, 73, 'Plumber (general)', '6 to 8 Mon'),
(1744, 2, 4, 73, 'Plumbing mason', '6 to 8 Mon'),
(1745, 2, 4, 73, 'Plumber (pipeline)', '6 to 8 Mon'),
(1746, 2, 4, 73, 'Plumber (maintenance and servicing)', '6 to 8 Mon'),
(1747, 2, 4, 73, 'Plumbing supervisor', '6 to 8 Mon'),
(1748, 2, 4, 73, 'Plumber general (assistant)', '6 to 8 Mon'),
(1749, 2, 4, 73, 'Plumber general (helper)', '6 to 8 Mon'),
(1750, 2, 4, 73, 'Plumber (after sales service)', '6 to 8 Mon'),
(1751, 2, 4, 73, 'Plumbing product sales officer', '6 to 8 Mon'),
(1752, 2, 4, 73, 'Plumbing draft man', '6 to 8 Mon'),
(1753, 2, 4, 73, 'Plumbing product sales', '6 to 8 Mon'),
(1754, 2, 4, 73, 'Waste water system design engineer', '6 to 8 Mon'),
(1755, 2, 4, 73, 'Public health system design engineer', '6 to 8 Mon'),
(1756, 2, 4, 73, 'Bathroom and kitchen designer', '6 to 8 Mon'),
(1757, 2, 4, 73, 'Municipal', '6 to 8 Mon'),
(1758, 2, 4, 73, 'Water and sewage assessor', '6 to 8 Mon'),
(1759, 2, 4, 73, 'Ground water engineer', '6 to 8 Mon'),
(1760, 2, 4, 73, 'Plumbing site engineer', '6 to 8 Mon'),
(1761, 2, 4, 73, 'Plumbing foreman', '6 to 8 Mon'),
(1762, 2, 4, 73, 'Plumber (operations)', '6 to 8 Mon'),
(1763, 2, 4, 73, 'Plumber (pumps and E/M mechanic)', '6 to 8 Mon'),
(1764, 2, 4, 73, 'Plumber (general) ? II', '6 to 8 Mon'),
(1765, 2, 4, 73, 'Plumber (welder)', '6 to 8 Mon'),
(1766, 2, 4, 73, 'Plumber (welding assistant)', '6 to 8 Mon'),
(1767, 2, 4, 73, 'Fire protection system designer', '6 to 8 Mon'),
(1768, 2, 4, 74, 'Distribution lineman', '6 to 8 Mon'),
(1769, 2, 4, 74, 'Technical helper (distribution)', '6 to 8 Mon'),
(1770, 2, 4, 74, 'Senior lineman ? distribution', '6 to 8 Mon'),
(1771, 2, 4, 74, 'Lineman construction ? distribution', '6 to 8 Mon'),
(1772, 2, 4, 74, 'Helper power system (transmission)', '6 to 8 Mon'),
(1773, 2, 4, 74, 'Power system technician (transmission)', '6 to 8 Mon'),
(1774, 2, 4, 74, 'Senior power system technician(transmission)', '6 to 8 Mon'),
(1775, 2, 4, 74, 'Power plant high pressure welder', '6 to 8 Mon'),
(1776, 2, 4, 74, 'Consumer energy meter technician', '6 to 8 Mon'),
(1777, 2, 4, 74, 'Power plant millwright fitter', '6 to 8 Mon'),
(1778, 2, 4, 74, 'Pipe fitters', '6 to 8 Mon'),
(1779, 2, 4, 75, 'Cashier', '6 to 8 Mon'),
(1780, 2, 4, 75, 'Sales associate', '6 to 8 Mon'),
(1781, 2, 4, 75, 'Store ops assistant', '6 to 8 Mon'),
(1782, 2, 4, 75, 'Trainee associate', '6 to 8 Mon'),
(1783, 2, 4, 75, 'Small scale retail entrepreneur', '6 to 8 Mon'),
(1784, 2, 4, 75, 'Micro retail entrepreneur', '6 to 8 Mon'),
(1785, 2, 4, 75, 'Retailentrepreneur', '6 to 8 Mon'),
(1786, 2, 4, 75, 'Self-employed retailentrepreneur', '6 to 8 Mon'),
(1787, 2, 4, 75, 'Distribution sales man', '6 to 8 Mon'),
(1788, 2, 4, 75, 'Team leader', '6 to 8 Mon'),
(1789, 2, 4, 75, 'Departmental manager', '6 to 8 Mon'),
(1790, 2, 4, 76, 'Autoclave operator', '6 to 8 Mon'),
(1791, 2, 4, 76, 'Autoclave operator ?rubber reclaim', '6 to 8 Mon'),
(1792, 2, 4, 76, 'Bead room operator', '6 to 8 Mon'),
(1793, 2, 4, 76, 'Bicycle / rickshaw tyre building operator ? mono band', '6 to 8 Mon'),
(1794, 2, 4, 76, 'Bicycle / rickshaw tyre building operator ? TMB', '6 to 8 Mon'),
(1795, 2, 4, 76, 'Bladder assembly operator', '6 to 8 Mon'),
(1796, 2, 4, 76, 'Bladder curing operator', '6 to 8 Mon'),
(1797, 2, 4, 76, 'Building operator- cables', '6 to 8 Mon'),
(1798, 2, 4, 76, 'Building operator- Conveyer belts', '6 to 8 Mon'),
(1799, 2, 4, 76, 'Building operator- Footwear', '6 to 8 Mon'),
(1800, 2, 4, 76, 'Building operator- Hoses', '6 to 8 Mon'),
(1801, 2, 4, 76, 'Building operator- Rubber roller', '6 to 8 Mon'),
(1802, 2, 4, 76, 'Building operator- rubber to metal bonding', '6 to 8 Mon'),
(1803, 2, 4, 76, 'Building operator- Sports goods', '6 to 8 Mon'),
(1804, 2, 4, 76, 'Building operator- V bells for transmission', '6 to 8 Mon'),
(1805, 2, 4, 76, 'Calendaring supervisor', '6 to 8 Mon'),
(1806, 2, 4, 76, 'Calendaring operator', '6 to 8 Mon'),
(1807, 2, 4, 76, 'Carbon / oil charger operator', '6 to 8 Mon'),
(1808, 2, 4, 76, 'Coagulant bath operator', '6 to 8 Mon'),
(1809, 2, 4, 76, 'Continuous curing operator', '6 to 8 Mon'),
(1810, 2, 4, 76, 'Compressing moulding operator', '6 to 8 Mon'),
(1811, 2, 4, 76, 'Continuous foaming machine operator', '6 to 8 Mon'),
(1812, 2, 4, 76, 'Cracker operator', '6 to 8 Mon'),
(1813, 2, 4, 76, 'Creel room operator', '6 to 8 Mon'),
(1814, 2, 4, 76, 'Curing chamber operator', '6 to 8 Mon'),
(1815, 2, 4, 76, 'Dip solution preparation operator', '6 to 8 Mon'),
(1816, 2, 4, 76, 'Dipping plant operator', '6 to 8 Mon'),
(1817, 2, 4, 76, 'Dispatch operator', '6 to 8 Mon'),
(1818, 2, 4, 76, 'Dispersion maker', '6 to 8 Mon'),
(1819, 2, 4, 76, 'Emulsion maker', '6 to 8 Mon'),
(1820, 2, 4, 76, 'Executive procurement ?RSS trading', '6 to 8 Mon'),
(1821, 2, 4, 76, 'Extruder operator', '6 to 8 Mon'),
(1822, 2, 4, 76, 'Extrusion supervisor', '6 to 8 Mon'),
(1823, 2, 4, 76, 'Factory manager ?TSR', '6 to 8 Mon'),
(1824, 2, 4, 76, 'Feed extruder operator', '6 to 8 Mon'),
(1825, 2, 4, 76, 'Field assistant ? latex harvest', '6 to 8 Mon'),
(1826, 2, 4, 76, 'Field supervisor ? latex harvest', '6 to 8 Mon'),
(1827, 2, 4, 76, 'Final inspection operator (retarder tyre)', '6 to 8 Mon'),
(1828, 2, 4, 76, 'Finishing operator (latex)', '6 to 8 Mon'),
(1829, 2, 4, 76, 'Finishing operator (non tyre)', '6 to 8 Mon'),
(1830, 2, 4, 76, 'Finishing operator (tyre)', '6 to 8 Mon'),
(1831, 2, 4, 76, 'Finishing supervisor', '6 to 8 Mon'),
(1832, 2, 4, 76, 'Form wrapping operator', '6 to 8 Mon'),
(1833, 2, 4, 76, 'Furniture assembler', '6 to 8 Mon'),
(1834, 2, 4, 76, 'General worker ?CENEX', '6 to 8 Mon'),
(1835, 2, 4, 76, 'General worker -RSS trading', '6 to 8 Mon'),
(1836, 2, 4, 76, 'General worker - Rubber plantation', '6 to 8 Mon'),
(1837, 2, 4, 76, 'Grader (RSS trading)', '6 to 8 Mon'),
(1838, 2, 4, 76, 'Grinding operator', '6 to 8 Mon'),
(1839, 2, 4, 76, 'Injection moulding operator', '6 to 8 Mon'),
(1840, 2, 4, 76, 'Internal mixer operator', '6 to 8 Mon'),
(1841, 2, 4, 76, 'Junior rubber technician / technical assistant', '6 to 8 Mon'),
(1842, 2, 4, 76, 'Kneader operator', '6 to 8 Mon'),
(1843, 2, 4, 76, 'Lab chemist ? batch release testing', '6 to 8 Mon'),
(1844, 2, 4, 76, 'Lab chemist ? Cured compound testing', '6 to 8 Mon'),
(1845, 2, 4, 76, 'Lab chemist ? Finished product testing', '6 to 8 Mon'),
(1846, 2, 4, 76, 'Lab chemist ? Incoming raw material testing', '6 to 8 Mon'),
(1847, 2, 4, 76, 'Lab chemist ? (latex)', '6 to 8 Mon'),
(1848, 2, 4, 76, 'Lan supervisor', '6 to 8 Mon'),
(1849, 2, 4, 76, 'Laboratory assistant / chemist', '6 to 8 Mon'),
(1850, 2, 4, 76, 'Latex compounder', '6 to 8 Mon'),
(1851, 2, 4, 76, 'Latex compounding supervisor', '6 to 8 Mon'),
(1852, 2, 4, 76, 'Latex harvest technician (tapper)', '6 to 8 Mon'),
(1853, 2, 4, 76, 'Latex thread extrusion operator', '6 to 8 Mon'),
(1854, 2, 4, 76, 'Loading and un loading operator', '6 to 8 Mon'),
(1855, 2, 4, 76, 'Machine  operator', '6 to 8 Mon'),
(1856, 2, 4, 76, 'Manager ? production (CENEX)', '6 to 8 Mon'),
(1857, 2, 4, 76, 'Manager ?quality assurance (CENEX)', '6 to 8 Mon'),
(1858, 2, 4, 76, 'Manager ? rubber sheeting', '6 to 8 Mon'),
(1859, 2, 4, 76, 'Marker analyst cum supervisor ?RSS trading', '6 to 8 Mon'),
(1860, 2, 4, 76, 'Material handling and storage operator', '6 to 8 Mon'),
(1861, 2, 4, 76, 'Mill operator', '6 to 8 Mon'),
(1862, 2, 4, 76, 'Mixing supervisor', '6 to 8 Mon'),
(1863, 2, 4, 76, 'Mould cleaning & inspection operator', '6 to 8 Mon'),
(1864, 2, 4, 76, 'Mould cleaning & inspection operator (latex)', '6 to 8 Mon'),
(1865, 2, 4, 76, 'Moulding / curing supervisor', '6 to 8 Mon'),
(1866, 2, 4, 76, 'Officer ? purchase / sale (TSR)', '6 to 8 Mon'),
(1867, 2, 4, 76, 'Operator ? textile coating', '6 to 8 Mon'),
(1868, 2, 4, 76, 'Packaging operator', '6 to 8 Mon'),
(1869, 2, 4, 76, 'Planetary mixer operator', '6 to 8 Mon'),
(1870, 2, 4, 76, 'Ply cutting operator', '6 to 8 Mon'),
(1871, 2, 4, 76, 'Pre and post calendaring operator', '6 to 8 Mon'),
(1872, 2, 4, 76, 'Pre and post extruder operator', '6 to 8 Mon'),
(1873, 2, 4, 76, 'Pre ? refining operator', '6 to 8 Mon'),
(1874, 2, 4, 76, 'Processing assistant ? TSR', '6 to 8 Mon'),
(1875, 2, 4, 76, 'Processing supervisor ? rubber sheeting', '6 to 8 Mon'),
(1876, 2, 4, 76, 'Processing technician ? rubber sheeting', '6 to 8 Mon'),
(1877, 2, 4, 76, 'QA supervisor', '6 to 8 Mon'),
(1878, 2, 4, 76, 'QA technician (latex)', '6 to 8 Mon'),
(1879, 2, 4, 76, 'Quality control inspector ? calendaring', '6 to 8 Mon'),
(1880, 2, 4, 76, 'Quality control inspector ? Extrusion', '6 to 8 Mon'),
(1881, 2, 4, 76, 'Quality control inspector ? Dimension check', '6 to 8 Mon'),
(1882, 2, 4, 76, 'Quality control inspector ? Statistical process control', '6 to 8 Mon'),
(1883, 2, 4, 76, 'Quality control inspector ? Visual inspection', '6 to 8 Mon'),
(1884, 2, 4, 76, 'Quality control? TSR', '6 to 8 Mon'),
(1885, 2, 4, 76, 'Radial building operator', '6 to 8 Mon'),
(1886, 2, 4, 76, 'Refining operator', '6 to 8 Mon'),
(1887, 2, 4, 76, 'Retreaded tyre curing operator', '6 to 8 Mon'),
(1888, 2, 4, 76, 'Rotocuring operator', '6 to 8 Mon'),
(1889, 2, 4, 76, 'Rubber adhesive / cement mixing operator', '6 to 8 Mon'),
(1890, 2, 4, 76, 'Rubber nursery office assistant', '6 to 8 Mon'),
(1891, 2, 4, 76, 'Rubber nursery manager', '6 to 8 Mon'),
(1892, 2, 4, 76, 'Rubber nursery Supervisor', '6 to 8 Mon'),
(1893, 2, 4, 76, 'Rubber nursery Worker ? budder', '6 to 8 Mon'),
(1894, 2, 4, 76, 'Rubber nursery Worker ? general', '6 to 8 Mon'),
(1895, 2, 4, 76, 'Rubber plantation manager', '6 to 8 Mon'),
(1896, 2, 4, 76, 'Rubber plantation supervisor', '6 to 8 Mon'),
(1897, 2, 4, 76, 'Rubber product assembler', '6 to 8 Mon'),
(1898, 2, 4, 76, 'Rubber / bale cutter', '6 to 8 Mon'),
(1899, 2, 4, 76, 'Saw mill technician', '6 to 8 Mon'),
(1900, 2, 4, 76, 'Senior rubber technician', '6 to 8 Mon'),
(1901, 2, 4, 76, 'Slitting operator', '6 to 8 Mon'),
(1902, 2, 4, 76, 'Sorting / packing operator (latex)', '6 to 8 Mon'),
(1903, 2, 4, 76, 'Stock / components / breed preparation supervisor', '6 to 8 Mon'),
(1904, 2, 4, 76, 'Storage assistant', '6 to 8 Mon'),
(1905, 2, 4, 76, 'Storage assistant ?RSS trading', '6 to 8 Mon'),
(1906, 2, 4, 76, 'Storage operator', '6 to 8 Mon'),
(1907, 2, 4, 76, 'Straining operator', '6 to 8 Mon'),
(1908, 2, 4, 76, 'Supervisor ?TSR', '6 to 8 Mon'),
(1909, 2, 4, 76, 'Stripping unit operator', '6 to 8 Mon'),
(1910, 2, 4, 76, 'Supervisor ? CENEX', '6 to 8 Mon'),
(1911, 2, 4, 76, 'Synthetic cord dipping operator', '6 to 8 Mon'),
(1912, 2, 4, 76, 'Transfer moulding operator', '6 to 8 Mon'),
(1913, 2, 4, 76, 'Tube curing operator', '6 to 8 Mon'),
(1914, 2, 4, 76, 'Tube cutting operator', '6 to 8 Mon'),
(1915, 2, 4, 76, 'Tube de ? manderelling operator', '6 to 8 Mon'),
(1916, 2, 4, 76, 'Tube extrution operator', '6 to 8 Mon'),
(1917, 2, 4, 76, 'Tube joint preparation / curing operator', '6 to 8 Mon'),
(1918, 2, 4, 76, 'Tube mandrel ling operator', '6 to 8 Mon'),
(1919, 2, 4, 76, 'Tube splicing operator', '6 to 8 Mon'),
(1920, 2, 4, 76, 'Tyre building operator ? off the road tyre', '6 to 8 Mon'),
(1921, 2, 4, 76, 'Tyre building operator ? Commercial vehicles', '6 to 8 Mon'),
(1922, 2, 4, 76, 'Tyre building operator ? Passenger vehicles', '6 to 8 Mon'),
(1923, 2, 4, 76, 'Tyre building operator ? Solid tyres', '6 to 8 Mon'),
(1924, 2, 4, 76, 'Tyre casing buffing operator', '6 to 8 Mon'),
(1925, 2, 4, 76, 'Tyre casing inspection operator', '6 to 8 Mon'),
(1926, 2, 4, 76, 'Tyre fitter', '6 to 8 Mon'),
(1927, 2, 4, 76, 'Tyre inflator', '6 to 8 Mon'),
(1928, 2, 4, 76, 'Tyre moulding operator', '6 to 8 Mon'),
(1929, 2, 4, 76, 'Tyre post cure operator', '6 to 8 Mon'),
(1930, 2, 4, 76, 'Tyre pre cure operator', '6 to 8 Mon'),
(1931, 2, 4, 76, 'Tyre pre cure preparation operator', '6 to 8 Mon'),
(1932, 2, 4, 76, 'Tyre tread preparation and building operator', '6 to 8 Mon'),
(1933, 2, 4, 76, 'Tyre wheel balancing operator', '6 to 8 Mon'),
(1934, 2, 4, 76, 'Tyre / tupe repair operator', '6 to 8 Mon'),
(1935, 2, 4, 76, 'Valve applicator', '6 to 8 Mon'),
(1936, 2, 4, 76, 'Warehouse supervisor', '6 to 8 Mon'),
(1937, 2, 4, 76, 'Weighting operator', '6 to 8 Mon'),
(1938, 2, 4, 76, 'Wire cutting operator', '6 to 8 Mon'),
(1939, 2, 4, 77, 'Armed security guard', '6 to 8 Mon'),
(1940, 2, 4, 77, 'Assignment manager', '6 to 8 Mon'),
(1941, 2, 4, 77, 'CCTV supervisor', '6 to 8 Mon'),
(1942, 2, 4, 77, 'Certified training assessor', '6 to 8 Mon'),
(1943, 2, 4, 77, 'Investigator', '6 to 8 Mon'),
(1944, 2, 4, 77, 'Personal security officer', '6 to 8 Mon'),
(1945, 2, 4, 77, 'Physical security trainer', '6 to 8 Mon'),
(1946, 2, 4, 77, 'Security officer', '6 to 8 Mon'),
(1947, 2, 4, 77, 'Security supervisor', '6 to 8 Mon'),
(1948, 2, 4, 77, 'Unarmed security guard', '6 to 8 Mon'),
(1949, 2, 4, 78, 'Broadband technician', '6 to 8 Mon'),
(1950, 2, 4, 78, 'BSS support engineer', '6 to 8 Mon'),
(1951, 2, 4, 78, 'Cluster in charge', '6 to 8 Mon'),
(1952, 2, 4, 78, 'Cluster manager', '6 to 8 Mon'),
(1953, 2, 4, 78, 'Core engineer', '6 to 8 Mon'),
(1954, 2, 4, 78, 'Customer care executive (call centre)', '6 to 8 Mon'),
(1955, 2, 4, 78, 'Customer care executive (relationship centre)', '6 to 8 Mon'),
(1956, 2, 4, 78, 'Distributor sales representative', '6 to 8 Mon'),
(1957, 2, 4, 78, 'E-waste collector', '6 to 8 Mon'),
(1958, 2, 4, 78, 'Fault management engineer', '6 to 8 Mon'),
(1959, 2, 4, 78, 'Field maintenance engineer', '6 to 8 Mon'),
(1960, 2, 4, 78, 'Field sales executive', '6 to 8 Mon'),
(1961, 2, 4, 78, 'Grass root telecom provider (GRTP)', '6 to 8 Mon'),
(1962, 2, 4, 78, 'Handset repair engineer', '6 to 8 Mon'),
(1963, 2, 4, 78, 'ICT engineer', '6 to 8 Mon'),
(1964, 2, 4, 78, 'ICT technician', '6 to 8 Mon'),
(1965, 2, 4, 78, 'Infrastructure engineer', '6 to 8 Mon'),
(1966, 2, 4, 78, 'Installation engineer L2& L3', '6 to 8 Mon'),
(1967, 2, 4, 78, 'Installation engineer SDH & DWDM', '6 to 8 Mon'),
(1968, 2, 4, 78, 'In store promoter', '6 to 8 Mon'),
(1969, 2, 4, 78, 'Network engineer', '6 to 8 Mon'),
(1970, 2, 4, 78, 'Network management engineer', '6 to 8 Mon'),
(1971, 2, 4, 78, 'Optical fiber splicer', '6 to 8 Mon'),
(1972, 2, 4, 78, 'Optical fiber technician', '6 to 8 Mon'),
(1973, 2, 4, 78, 'Product specialist engineer', '6 to 8 Mon'),
(1974, 2, 4, 78, 'RF site surveyor', '6 to 8 Mon'),
(1975, 2, 4, 78, 'Sales executive (broadband)', '6 to 8 Mon'),
(1976, 2, 4, 78, 'Telecom board bring ? up engineer', '6 to 8 Mon'),
(1977, 2, 4, 78, 'Telecom embedded hardware developer', '6 to 8 Mon'),
(1978, 2, 4, 78, 'Telecom network security technician', '6 to 8 Mon'),
(1979, 2, 4, 78, 'Telecom terminal equipment application developer (android application)', '6 to 8 Mon'),
(1980, 2, 4, 78, 'Telecom terminal equipment application developer (native application)', '6 to 8 Mon'),
(1981, 2, 4, 78, 'Telecom tower / bay installation supervisor', '6 to 8 Mon'),
(1982, 2, 4, 78, 'Territory sales manager (broadband)', '6 to 8 Mon'),
(1983, 2, 4, 78, 'Territory sales manager (prepaid)', '6 to 8 Mon'),
(1984, 2, 4, 78, 'Tower technician', '6 to 8 Mon'),
(1985, 2, 4, 78, 'Transmission engineer', '6 to 8 Mon'),
(1986, 2, 4, 79, 'Autoconertenter', '6 to 8 Mon'),
(1987, 2, 4, 79, 'Automatic shuttle loom operator', '6 to 8 Mon'),
(1988, 2, 4, 79, 'Balloon squeezer machine operator', '6 to 8 Mon'),
(1989, 2, 4, 79, 'Beam carrier ? loader', '6 to 8 Mon'),
(1990, 2, 4, 79, 'Blowroom operator', '6 to 8 Mon'),
(1991, 2, 4, 79, 'Carding operator', '6 to 8 Mon'),
(1992, 2, 4, 79, 'Combing operator', '6 to 8 Mon'),
(1993, 2, 4, 79, 'Calendaring machine operator', '6 to 8 Mon'),
(1994, 2, 4, 79, 'Card puncher (automatic machine)', '6 to 8 Mon'),
(1995, 2, 4, 79, 'Combing preparatory operator', '6 to 8 Mon'),
(1996, 2, 4, 79, 'Compactor operator', '6 to 8 Mon'),
(1997, 2, 4, 79, 'Cone winder and pirn winder', '6 to 8 Mon'),
(1998, 2, 4, 79, 'Cone winding operator ? assembly winding', '6 to 8 Mon'),
(1999, 2, 4, 79, 'Continuous range operator', '6 to 8 Mon'),
(2000, 2, 4, 79, 'Draw frame operator', '6 to 8 Mon'),
(2001, 2, 4, 79, 'Drying range machine operator', '6 to 8 Mon'),
(2002, 2, 4, 79, 'Dyestuff & chemical preparation operator', '6 to 8 Mon'),
(2003, 2, 4, 79, 'Fabric checker', '6 to 8 Mon'),
(2004, 2, 4, 79, 'Fabric mender', '6 to 8 Mon'),
(2005, 2, 4, 79, 'Finishing machine operator', '6 to 8 Mon'),
(2006, 2, 4, 79, 'Fitter ? autoloom weaving machine', '6 to 8 Mon'),
(2007, 2, 4, 79, 'Fitter ? post spinning', '6 to 8 Mon'),
(2008, 2, 4, 79, 'Fitter ? Processing', '6 to 8 Mon'),
(2009, 2, 4, 79, 'Fitter ? Ring spinning', '6 to 8 Mon'),
(2010, 2, 4, 79, 'Fitter ? Shuttle less weaving machine ? air jet', '6 to 8 Mon'),
(2011, 2, 4, 79, 'Fitter ? Shuttle less weaving machine ? repair', '6 to 8 Mon'),
(2012, 2, 4, 79, 'Fitter ? Spinning preparatory', '6 to 8 Mon'),
(2013, 2, 4, 79, 'Fitter ? Weaving preparatory', '6 to 8 Mon'),
(2014, 2, 4, 79, 'Folding machine operator', '6 to 8 Mon'),
(2015, 2, 4, 79, 'Handloom entrepreneur', '6 to 8 Mon'),
(2016, 2, 4, 79, 'Hand dyer', '6 to 8 Mon'),
(2017, 2, 4, 79, 'Jacquard harness builder', '6 to 8 Mon'),
(2018, 2, 4, 79, 'Jacquard machine operator', '6 to 8 Mon'),
(2019, 2, 4, 79, 'Knitting machine ? fitter', '6 to 8 Mon'),
(2020, 2, 4, 79, 'Knitting machineoperator ? Circular knitting', '6 to 8 Mon'),
(2021, 2, 4, 79, 'Knitting machine operator ? Flat bed knitting', '6 to 8 Mon'),
(2022, 2, 4, 79, 'Knitting machine operator ? Wrap knitting', '6 to 8 Mon'),
(2023, 2, 4, 79, 'Knotting machine operator', '6 to 8 Mon'),
(2024, 2, 4, 79, 'Oiler ? weaving machine', '6 to 8 Mon'),
(2025, 2, 4, 79, 'Open end spinning tenter', '6 to 8 Mon'),
(2026, 2, 4, 79, 'Packaging dyeing machine operator', '6 to 8 Mon'),
(2027, 2, 4, 79, 'Packing checker', '6 to 8 Mon'),
(2028, 2, 4, 79, 'Pirn winding machine operator', '6 to 8 Mon'),
(2029, 2, 4, 79, 'Power loom operator', '6 to 8 Mon'),
(2030, 2, 4, 79, 'Printing machine operator', '6 to 8 Mon'),
(2031, 2, 4, 79, 'Relax dryer operator', '6 to 8 Mon'),
(2032, 2, 4, 79, 'Ring frame doffer', '6 to 8 Mon'),
(2033, 2, 4, 79, 'Ring frame tenter', '6 to 8 Mon'),
(2034, 2, 4, 79, 'Screen preparatory operator', '6 to 8 Mon'),
(2035, 2, 4, 79, 'Shuttle less  loom fitter ? water jet', '6 to 8 Mon'),
(2036, 2, 4, 79, 'Shuttle less  loom weaver ? Air jet', '6 to 8 Mon'),
(2037, 2, 4, 79, 'Shuttle less  loom weaver ? Projectile', '6 to 8 Mon'),
(2038, 2, 4, 79, 'Shuttle less  loom weaver ? Rapier', '6 to 8 Mon'),
(2039, 2, 4, 79, 'Shuttle less  loom weaver? water jet', '6 to 8 Mon'),
(2040, 2, 4, 79, 'Singening&desiizing machine operator', '6 to 8 Mon'),
(2041, 2, 4, 79, 'Speed frame operator ? tenter& doffer', '6 to 8 Mon'),
(2042, 2, 4, 79, 'Stenter operator', '6 to 8 Mon'),
(2043, 2, 4, 79, 'Textile designer- hand loom jacquard', '6 to 8 Mon'),
(2044, 2, 4, 79, 'TFO tenter', '6 to 8 Mon'),
(2045, 2, 4, 79, 'Two shaft handloom weaver', '6 to 8 Mon'),
(2046, 2, 4, 79, 'Warper', '6 to 8 Mon'),
(2047, 2, 4, 79, 'Warper ? direct warping machine', '6 to 8 Mon'),
(2048, 2, 4, 79, 'Washing range operator', '6 to 8 Mon'),
(2049, 2, 4, 80, 'Assistant catering manager', '6 to 8 Mon'),
(2050, 2, 4, 80, 'Assistant facility manager', '6 to 8 Mon'),
(2051, 2, 4, 80, 'Bartender', '6 to 8 Mon'),
(2052, 2, 4, 80, 'Base camp manager', '6 to 8 Mon'),
(2053, 2, 4, 80, 'Bell boy', '6 to 8 Mon'),
(2054, 2, 4, 80, 'Bell captain', '6 to 8 Mon'),
(2055, 2, 4, 80, 'Billing executive', '6 to 8 Mon'),
(2056, 2, 4, 80, 'Bungee jump guide', '6 to 8 Mon'),
(2057, 2, 4, 80, 'Captain', '6 to 8 Mon'),
(2058, 2, 4, 80, 'Chef ? de ? partie', '6 to 8 Mon'),
(2059, 2, 4, 80, 'Cleaner- carpet and chair', '6 to 8 Mon'),
(2060, 2, 4, 80, 'Cleaner- Pest controller', '6 to 8 Mon'),
(2061, 2, 4, 80, 'Cleaner- Road side eatery', '6 to 8 Mon'),
(2062, 2, 4, 80, 'Commi 1', '6 to 8 Mon'),
(2063, 2, 4, 80, 'Commis chef', '6 to 8 Mon'),
(2064, 2, 4, 80, 'Counter sale executive', '6 to 8 Mon'),
(2065, 2, 4, 80, 'Cruise ? boat jetty in charge', '6 to 8 Mon'),
(2066, 2, 4, 80, 'Dish washer', '6 to 8 Mon'),
(2067, 2, 4, 80, 'Duty manager', '6 to 8 Mon'),
(2068, 2, 4, 80, 'F & B service trainee', '6 to 8 Mon'),
(2069, 2, 4, 80, 'Facility management executive', '6 to 8 Mon'),
(2070, 2, 4, 80, 'Facility store keeper', '6 to 8 Mon'),
(2071, 2, 4, 80, 'Facility supervisor', '6 to 8 Mon'),
(2072, 2, 4, 80, 'Food & beverage service steward', '6 to 8 Mon'),
(2073, 2, 4, 80, 'Front office associate', '6 to 8 Mon'),
(2074, 2, 4, 80, 'Front office executive', '6 to 8 Mon'),
(2075, 2, 4, 80, 'Guest house caretaker', '6 to 8 Mon'),
(2076, 2, 4, 80, 'Guest relations manager', '6 to 8 Mon'),
(2077, 2, 4, 80, 'Heritage tour guide', '6 to 8 Mon'),
(2078, 2, 4, 80, 'Home delivery boy', '6 to 8 Mon'),
(2079, 2, 4, 80, 'Housekeep[ping attendant (manual cleaning)', '6 to 8 Mon'),
(2080, 2, 4, 80, 'House keeping manager', '6 to 8 Mon'),
(2081, 2, 4, 80, 'House keeping executive', '6 to 8 Mon'),
(2082, 2, 4, 80, 'House keeping supervisor', '6 to 8 Mon'),
(2083, 2, 4, 80, 'Kitchen helper', '6 to 8 Mon'),
(2084, 2, 4, 80, 'Kitchen steward', '6 to 8 Mon'),
(2085, 2, 4, 80, 'Laundry machine operator', '6 to 8 Mon'),
(2086, 2, 4, 80, 'Laundry valet', '6 to 8 Mon'),
(2087, 2, 4, 80, 'Meet & greet officer', '6 to 8 Mon'),
(2088, 2, 4, 80, 'Meeting, conference and event planner', '6 to 8 Mon'),
(2089, 2, 4, 80, 'Mountaineering camp cook /camp cook', '6 to 8 Mon'),
(2090, 2, 4, 80, 'Multi ?cuisine cook', '6 to 8 Mon'),
(2091, 2, 4, 80, 'Order taker ? home delivery', '6 to 8 Mon'),
(2092, 2, 4, 80, 'Outlet manager', '6 to 8 Mon'),
(2093, 2, 4, 80, 'Paragliding coach', '6 to 8 Mon'),
(2094, 2, 4, 80, 'Procurement executive (FM)', '6 to 8 Mon'),
(2095, 2, 4, 80, 'Room attendant', '6 to 8 Mon'),
(2096, 2, 4, 80, 'Sous chef', '6 to 8 Mon'),
(2097, 2, 4, 80, 'Street food vendor', '6 to 8 Mon'),
(2098, 2, 4, 80, 'Surface polisher', '6 to 8 Mon'),
(2099, 2, 4, 80, 'Tan door cook', '6 to 8 Mon'),
(2100, 2, 4, 80, 'Team leader', '6 to 8 Mon'),
(2101, 2, 4, 80, 'Ticketing consultant', '6 to 8 Mon'),
(2102, 2, 4, 80, 'Tour escort', '6 to 8 Mon'),
(2103, 2, 4, 80, 'Tour guide', '6 to 8 Mon'),
(2104, 2, 4, 80, 'Tour manager', '6 to 8 Mon'),
(2105, 2, 4, 80, 'Tour vehicle driver', '6 to 8 Mon'),
(2106, 2, 4, 80, 'Trainee chef', '6 to 8 Mon'),
(2107, 2, 4, 80, 'Transport coordinator', '6 to 8 Mon'),
(2108, 2, 4, 80, 'Travel consultant', '6 to 8 Mon'),
(2109, 2, 4, 80, 'Travel insurance executive', '6 to 8 Mon'),
(2110, 2, 4, 80, 'Visa assistance consultant', '6 to 8 Mon'),
(2111, 2, 4, 80, 'Water tank cleaner', '6 to 8 Mon'),
(2112, 3, 5, 81, 'Diploma in ansys AQWA', '1 Year'),
(2113, 3, 5, 81, 'Diploma in Ansys Fluent', '1 Year'),
(2114, 3, 5, 81, 'Diploma in Cabin Room Technician', '1 Year'),
(2115, 3, 5, 81, 'Diploma in CFD', '1 Year'),
(2116, 3, 5, 81, 'Diploma in Computer Application in Design of Offshore Structure', '1 Year'),
(2117, 3, 5, 81, 'Diploma in Computer Application in Hull Form Design', '1 Year'),
(2118, 3, 5, 81, 'Diploma in Computer Application in seakeeping and Maneuvering', '1 Year'),
(2119, 3, 5, 81, 'Diploma in Computer Application In Ship Design', '1 Year'),
(2120, 3, 5, 81, 'Diploma in Computer Application in Structural Analysis of Ships', '1 Year'),
(2121, 3, 5, 81, 'Diploma in Crew Management', '1 Year'),
(2122, 3, 5, 81, 'Diploma in Design of Special Purpose Vessel', '1 Year'),
(2123, 3, 5, 81, 'Diploma in Domestic Shipping Management ', '1 Year'),
(2124, 3, 5, 81, 'Diploma in Engineering Economics in Ship Design', '1 Year'),
(2125, 3, 5, 81, 'Diploma in International Shipping Management', '1 Year'),
(2126, 3, 5, 81, 'Diploma in Marine Diesel Engine Mechanic', '1 Year'),
(2127, 3, 5, 81, 'Diploma in Marine Diesel Engineering', '1 Year'),
(2128, 3, 5, 81, 'Diploma in Maxsurf, Moses, Sacs', '1 Year'),
(2129, 3, 5, 81, 'Diploma in Oil Rig and Drilling Process', '1 Year'),
(2130, 3, 5, 81, 'Diploma in Port Operations & Management', '1 Year'),
(2131, 3, 5, 81, 'Diploma in Ship Building and Offshore Technology', '1 Year'),
(2132, 3, 5, 81, 'Diploma in Ship Catering Management', '1 Year'),
(2133, 3, 5, 81, 'Diploma in Ship Design', '1 Year'),
(2134, 3, 5, 81, 'Diploma in Ship Draughtsman', '1 Year'),
(2135, 3, 5, 81, 'Diploma in Ship Resistance and Propulsion', '1 Year'),
(2136, 3, 5, 81, 'Diploma in Ship Safety Management', '1 Year'),
(2137, 3, 5, 81, 'Diploma in Ship Stability', '1 Year'),
(2138, 3, 5, 81, 'Diploma in Shipping & Logistics Professional', '1 Year'),
(2139, 3, 5, 81, 'Diploma in Subsea & Pipeline Engineering', '1 Year'),
(2140, 3, 5, 82, 'Diploma in Adventure Sports for Trainers', '1 Year'),
(2141, 3, 5, 82, 'Diploma in Sports Management', '1 Year'),
(2142, 3, 5, 82, 'Diploma in Adventure Sports', '1 Year'),
(2143, 3, 5, 82, 'Diploma in Physical Education', '1 Year'),
(2144, 3, 5, 82, 'Diploma in Sports Instruments Technology', '1 Year'),
(2145, 3, 5, 82, 'Diploma in Sports Instrument Technician', '1 Year'),
(2146, 3, 5, 82, 'Diploma in Sports Management', '1 Year'),
(2147, 3, 5, 82, 'Diploma in Physical Education', '1 Year'),
(2148, 3, 5, 82, 'Diploma in Adventure Sports for Trainers', '1 Year'),
(2149, 3, 5, 83, 'Diploma in Advance Instrument Technology', '1 Year'),
(2150, 3, 5, 83, 'Diploma in Advanced Diesel Technology', '1 Year'),
(2151, 3, 5, 83, 'Diploma in Auto Mechanic', '1 Year'),
(2152, 3, 5, 83, 'Diploma in Call Center Technician', '1 Year'),
(2153, 3, 5, 83, 'Diploma in Carpentry ', '1 Year'),
(2154, 3, 5, 83, 'Diploma in Chemical Lab Technology', '1 Year'),
(2155, 3, 5, 83, 'Diploma in CNC Machine Operation (Turning & Milling)', '1 Year'),
(2156, 3, 5, 83, 'Diploma in Dealers Service Mechanic', '1 Year'),
(2157, 3, 5, 83, 'Diploma in Diesel Mechanism (Stationary & Mobile Engines)', '1 Year'),
(2158, 3, 5, 83, 'Diploma in Earth Moving Equipment Repairing', '1 Year'),
(2159, 3, 5, 83, 'Diploma in Electrical Wiring & Electronics', '1 Year'),
(2160, 3, 5, 83, 'Diploma in Electrical wiring Technician', '1 Year'),
(2161, 3, 5, 83, 'Diploma in Embeded Systems & Pic Technician', '1 Year'),
(2162, 3, 5, 83, 'Diploma in Fiber Optic Technician', '1 Year'),
(2163, 3, 5, 83, 'Diploma in Food Grain Mill Processing Technician', '1 Year'),
(2164, 3, 5, 83, 'Diploma in Fork Lift Driving Cum Maintenance', '1 Year'),
(2165, 3, 5, 83, 'Diploma in Gas & Arc Welder', '1 Year'),
(2166, 3, 5, 83, 'Diploma in General Machinist', '1 Year'),
(2167, 3, 5, 83, 'Diploma in Hollow Block Making', '1 Year'),
(2168, 3, 5, 83, 'Diploma in Industrial Automation', '1 Year'),
(2169, 3, 5, 83, 'Diploma in Industrial Instrument Technician', '1 Year'),
(2170, 3, 5, 83, 'Diploma in Instructor Training', '1 Year'),
(2171, 3, 5, 83, 'Diploma in Instrument Technician', '1 Year'),
(2172, 3, 5, 83, 'Diploma in Jewels & Precious Metal Technology', '1 Year'),
(2173, 3, 5, 83, 'Diploma in Jigs & Fixture Maker', '1 Year'),
(2174, 3, 5, 83, 'Diploma in Junior Solar Photovoltaic Technician', '1 Year'),
(2175, 3, 5, 83, 'Diploma in Lens & Prism Grinding Technology', '1 Year'),
(2176, 3, 5, 83, 'Diploma in Light Motor Vehicle Mechanism', '1 Year'),
(2177, 3, 5, 83, 'Diploma in Massionery', '1 Year'),
(2178, 3, 5, 83, 'Diploma in Mechanical Engineering Techniques', '1 Year'),
(2179, 3, 5, 83, 'Diploma in Mechanical Filter', '1 Year'),
(2180, 3, 5, 83, 'Diploma in Oil Mills Processing Technician', '1 Year'),
(2181, 3, 5, 83, 'Diploma in Pipe And Pressure Vessels Technology', '1 Year'),
(2182, 3, 5, 83, 'Diploma in Plumbing', '1 Year'),
(2183, 3, 5, 83, 'Diploma in Printing Technology ', '1 Year'),
(2184, 3, 5, 83, 'Diploma in Process Control & Instrumentation', '1 Year'),
(2185, 3, 5, 83, 'Diploma in Production Techniques', '1 Year'),
(2186, 3, 5, 83, 'Diploma in Production Technology', '1 Year'),
(2187, 3, 5, 83, 'Diploma in Screen Printing', '1 Year'),
(2188, 3, 5, 83, 'Diploma in Senior Solar Pcu Technician', '1 Year'),
(2189, 3, 5, 83, 'Diploma in Senior PhotovaltaicPanet Assembling Technician', '1 Year'),
(2190, 3, 5, 83, 'Diploma in Senior Solar Photovoltaic Technician', '1 Year'),
(2191, 3, 5, 83, 'Diploma in Solar Photovoltaic Engineering Assistant', '1 Year'),
(2192, 3, 5, 83, 'Diploma in Solar Plant & Electrical Technology', '1 Year'),
(2193, 3, 5, 83, 'Diploma in Solar Technology', '1 Year'),
(2194, 3, 5, 83, 'Diploma in Structural Welding Technology', '1 Year'),
(2195, 3, 5, 83, 'Diploma in Textile Mechatronics', '1 Year'),
(2196, 3, 5, 83, 'Diploma in Tie & Dye Technician', '1 Year'),
(2197, 3, 5, 83, 'Diploma in Tig and Mig Welding Technology', '1 Year'),
(2198, 3, 5, 83, 'Diploma in Tools & Die Making', '1 Year'),
(2199, 3, 5, 83, 'Diploma in Tools &Diemaking', '1 Year'),
(2200, 3, 5, 83, 'Diploma in Welding Technician', '1 Year'),
(2201, 3, 5, 83, 'Diploma in WeldingTechnology', '1 Year'),
(2202, 3, 5, 83, 'Diploma in x ray Welding', '1 Year'),
(2203, 3, 5, 84, 'Commercial Pilot License', '1 Year'),
(2204, 3, 5, 84, 'Diploma Air Hostess Training', '1 Year'),
(2205, 3, 5, 84, 'Diploma in Course in Aviation Management', '1 Year'),
(2206, 3, 5, 84, 'Diploma in Air Cargo & Courier Management', '1 Year'),
(2207, 3, 5, 84, 'Diploma in Air Cargo Management', '1 Year'),
(2208, 3, 5, 84, 'Diploma in Air Cargo Practices & Documentation', '1 Year'),
(2209, 3, 5, 84, 'Diploma in Air Fare & Ticketing Management', '1 Year'),
(2210, 3, 5, 84, 'Diploma in Fares & Ticketing', '1 Year'),
(2211, 3, 5, 84, 'Diploma in Air Hospitality', '1 Year'),
(2212, 3, 5, 84, 'Diploma in Air Hostess Training', '1 Year'),
(2213, 3, 5, 84, 'Diploma in Air/Sea Cargo Management', '1 Year'),
(2214, 3, 5, 84, 'Diploma in Airline & Tourism Management', '1 Year'),
(2215, 3, 5, 84, 'Diploma in Airline Financial Accounting', '1 Year'),
(2216, 3, 5, 84, 'Diploma in Airline Management', '1 Year'),
(2217, 3, 5, 84, 'Diploma in Airline Ticketing', '1 Year'),
(2218, 3, 5, 84, 'Diploma in Airline Ticketing and Hospitality Management', '1 Year'),
(2219, 3, 5, 84, 'Diploma in Airline Travel & Tourism and Hospitality Management', '1 Year'),
(2220, 3, 5, 84, 'Diploma in Airlines Management', '1 Year'),
(2221, 3, 5, 84, 'Diploma in Airport Ground Staff Training', '1 Year'),
(2222, 3, 5, 84, 'Diploma in Airport Management', '1 Year'),
(2223, 3, 5, 84, 'Diploma in Airport Management Services', '1 Year'),
(2224, 3, 5, 84, 'Diploma in Aviation', '1 Year'),
(2225, 3, 5, 84, 'Diploma in Aviation & Hotel Management', '1 Year'),
(2226, 3, 5, 84, 'Diploma in Aviation and Hospitality Management', '1 Year'),
(2227, 3, 5, 84, 'Diploma in Aviation Ground Handling', '1 Year'),
(2228, 3, 5, 84, 'Diploma in Aviation Hospitality and Travel Management', '1 Year'),
(2229, 3, 5, 84, 'Diploma in Aviation Management', '1 Year'),
(2230, 3, 5, 84, 'Diploma in Aviation Safety', '1 Year'),
(2231, 3, 5, 84, 'Diploma in Aviation Security', '1 Year'),
(2232, 3, 5, 84, 'Diploma in Cabin Crew Management', '1 Year'),
(2233, 3, 5, 84, 'Diploma in Cargo & Hotel Management', '1 Year'),
(2234, 3, 5, 84, 'Diploma in Domestic Airline & Travel Management', '1 Year'),
(2235, 3, 5, 84, 'Diploma in Global Aviation and Hospitality Management', '1 Year'),
(2236, 3, 5, 84, 'Diploma in Hotel & Airport Management', '1 Year'),
(2237, 3, 5, 84, 'Diploma in International Airline & Travel Management', '1 Year'),
(2238, 3, 5, 84, 'Diploma in International Airlines Management', '1 Year'),
(2239, 3, 5, 84, 'Diploma in International Airlines Ticketing & CRS', '1 Year'),
(2240, 3, 5, 84, 'Diploma in Professional Ground Cabin Crew Services', '1 Year'),
(2241, 3, 5, 84, 'Diploma in Professional Ground Staff Services', '1 Year'),
(2242, 3, 5, 85, 'Diploma in Agriculture', '1 Year'),
(2243, 3, 5, 85, 'Diploma in Agro Journalism', '1 Year'),
(2244, 3, 5, 85, 'Diploma in Animal Husbandry', '1 Year'),
(2245, 3, 5, 85, 'Diploma in Animal Reproduction', '1 Year'),
(2246, 3, 5, 85, 'Diploma in Animal welfare Division of Medicine', '1 Year'),
(2247, 3, 5, 85, 'Diploma in Commercial Horticulture', '1 Year'),
(2248, 3, 5, 85, 'Diploma in Dairy Science and Technology', '1 Year'),
(2249, 3, 5, 85, 'Diploma in Dairy Technology', '1 Year'),
(2250, 3, 5, 85, 'Diploma in Equine Husbandry, Medicine and Surgery', '1 Year'),
(2251, 3, 5, 85, 'Diploma in Farm Management', '1 Year'),
(2252, 3, 5, 85, 'Diploma in Fish Products Technology', '1 Year'),
(2253, 3, 5, 85, 'Diploma in Fishery Management cum Fish Breeding', '1 Year'),
(2254, 3, 5, 85, 'Diploma in Floriculture', '1 Year'),
(2255, 3, 5, 85, 'Diploma in Floriculture and Landscape Gardening', '1 Year'),
(2256, 3, 5, 85, 'Diploma in Fodder and Feed Technology', '1 Year'),
(2257, 3, 5, 85, 'Diploma in Food and Dairy Technology (FDT) ', '1 Year'),
(2258, 3, 5, 85, 'Diploma in Food Processing', '1 Year'),
(2259, 3, 5, 85, 'Diploma in Fruit Production', '1 Year'),
(2260, 3, 5, 85, 'Diploma in Management Non Wood Forest Products', '1 Year'),
(2261, 3, 5, 85, 'Diploma in Meat and Meat Products Technology', '1 Year'),
(2262, 3, 5, 85, 'Diploma in Meat Technology (DMT)', '1 Year'),
(2263, 3, 5, 85, 'Diploma in Poultry Husbandry', '1 Year'),
(2264, 3, 5, 85, 'Diploma in Poultry Management (DPM)', '1 Year'),
(2265, 3, 5, 85, 'Diploma in Preventive Veterinary Medicines', '1 Year'),
(2266, 3, 5, 85, 'Diploma in Production of Value Added Products from Cereals, Pulses andOilseeds (DPVCPO)', '1 Year'),
(2267, 3, 5, 85, 'Diploma in Value Added Products from Fruits and Vegetables (DVAPFO)', '1 Year'),
(2268, 3, 5, 85, 'Diploma in Vegetable Production', '1 Year'),
(2269, 3, 5, 85, 'Diploma in Watershed Management', '1 Year'),
(2270, 3, 5, 85, 'Diploma in Zoo and Wild Animal Health Cure and Management', '1 Year'),
(2271, 3, 5, 85, 'Diploma Natural Resource Management', '1 Year'),
(2272, 3, 5, 86, 'Diploma in Automobile Electronics Technology', '1 Year'),
(2273, 3, 5, 86, 'Diploma in Automobile Engineering', '1 Year'),
(2274, 3, 5, 86, 'Diploma in Backhoe Loader Operation & Maintenance', '1 Year'),
(2275, 3, 5, 86, 'Diploma in Car A/C Mechanic', '1 Year'),
(2276, 3, 5, 86, 'Diploma in CNC Mechanic Operation (Turning & Milling)', '1 Year'),
(2277, 3, 5, 86, 'Diploma in CNC Programmer', '1 Year'),
(2278, 3, 5, 86, 'Diploma in Crane Operation & Maintenance ', '1 Year'),
(2279, 3, 5, 86, 'Diploma in Diesel Engine Technology', '1 Year'),
(2280, 3, 5, 86, 'Diploma in Diesel Mechanism (Stationary & Mobile Engines)', '1 Year'),
(2281, 3, 5, 86, 'Diploma in Driver Education (DipDE)', '1 Year'),
(2282, 3, 5, 86, 'Diploma in Fork Lift Driving Cum Maintenance', '1 Year'),
(2283, 3, 5, 86, 'Diploma in Fork Lift Operation & Maintenance', '1 Year'),
(2284, 3, 5, 86, 'Diploma in Four Wheeler Mechanic (Lmv)', '1 Year'),
(2285, 3, 5, 86, 'Diploma in Four Wheeler Mechanism', '1 Year'),
(2286, 3, 5, 86, 'Diploma in Gas Welder', '1 Year'),
(2287, 3, 5, 86, 'Diploma in Heavy Crane Operation & Management', '1 Year'),
(2288, 3, 5, 86, 'Diploma in Heavy Motor Vehicle Mechanism', '1 Year'),
(2289, 3, 5, 86, 'Diploma in Hydraulic Excavator Operation & Maintenance', '1 Year'),
(2290, 3, 5, 86, 'Diploma in Automobile Engineering', '1 Year'),
(2291, 3, 5, 86, 'Diploma in Inspector of Auto Manufacturing Industry', '1 Year'),
(2292, 3, 5, 86, 'Diploma in Junior Plant Operator', '1 Year'),
(2293, 3, 5, 86, 'Diploma in Light Motor Vehicle Mechanism', '1 Year'),
(2294, 3, 5, 86, 'Diploma in Operation & Maintenance of Heavy Machines (Back Hoe Loader)', '1 Year'),
(2295, 3, 5, 86, 'Diploma in Operation & Maintenance of Heavy Machines (Crane)', '1 Year'),
(2296, 3, 5, 86, 'Diploma in Operation & Maintenance of Heavy Machines (Fork Lift)', '1 Year'),
(2297, 3, 5, 86, 'Diploma in Operation & Maintenance of Heavy Machines ( Hydraulic Excavator)', '1 Year'),
(2298, 3, 5, 86, 'Diploma in Operation & Maintenance of Hydraulic Machines', '1 Year'),
(2299, 3, 5, 86, 'Diploma in Petrol Engine Technology', '1 Year'),
(2300, 3, 5, 86, 'Diploma in Plant Maintenance Technician', '1 Year'),
(2301, 3, 5, 86, 'Diploma in Sheet Metal Works and Tinkering', '1 Year'),
(2302, 3, 5, 86, 'Diploma in Spray Painting', '1 Year'),
(2303, 3, 5, 86, 'Diploma in Transportation Management', '1 Year'),
(2304, 3, 5, 86, 'Diploma in Two Wheeler Mechanic', '1 Year'),
(2305, 3, 5, 86, 'Diploma in Vehicles Surveyor', '1 Year'),
(2306, 3, 5, 87, 'Diploma Course in Chinese Language', '1 Year'),
(2307, 3, 5, 87, 'Diploma Course in Fine Arts', '1 Year'),
(2308, 3, 5, 87, 'Diploma Course in Guidance & Counselling', '1 Year'),
(2309, 3, 5, 87, 'Diploma Course in Japanese Language', '1 Year'),
(2310, 3, 5, 87, 'Diploma Course in Urdu', '1 Year'),
(2311, 3, 5, 87, 'Diploma in Accountancy for Panchayati Raj Institutions', '1 Year'),
(2312, 3, 5, 87, 'Diploma in Adult, Continuing Edu. & Ext.', '1 Year'),
(2313, 3, 5, 87, 'Diploma in Adv. Trans./Interpretation', '1 Year'),
(2314, 3, 5, 87, 'Diploma in Applied Art', '1 Year'),
(2315, 3, 5, 87, 'Diploma in Applied Art with Graphic Designing', '1 Year'),
(2316, 3, 5, 87, 'Diploma in Applied Linguistics', '1 Year'),
(2317, 3, 5, 87, 'Diploma in Applied Psychology', '1 Year'),
(2318, 3, 5, 87, 'Diploma in Art and Craft', '1 Year'),
(2319, 3, 5, 87, 'Diploma in Assamese', '1 Year'),
(2320, 3, 5, 87, 'Diploma in Astrology (DIA)', '1 Year'),
(2321, 3, 5, 87, 'Diploma in Bengali', '1 Year'),
(2322, 3, 5, 87, 'Diploma in Bhoti', '1 Year'),
(2323, 3, 5, 87, 'Diploma in Boro', '1 Year'),
(2324, 3, 5, 87, 'Diploma in Blugarian', '1 Year'),
(2325, 3, 5, 87, 'Diploma in Carnatic Music (Vocal)', '1 Year'),
(2326, 3, 5, 87, 'Diploma in Child Psychology', '1 Year'),
(2327, 3, 5, 87, 'Diploma in Chinese', '1 Year'),
(2328, 3, 5, 87, 'Diploma in Coaching Badminton', '1 Year'),
(2329, 3, 5, 87, 'Diploma in Coaching Basket Ball', '1 Year'),
(2330, 3, 5, 87, 'Diploma in CoachingHockey', '1 Year'),
(2331, 3, 5, 87, 'Diploma in Coaching Soccer', '1 Year'),
(2332, 3, 5, 87, 'Diploma in Coaching Volley Ball', '1 Year'),
(2333, 3, 5, 87, 'Diploma in Commercial Art', '1 Year'),
(2334, 3, 5, 87, 'Diploma in Commercial Art / Graphic Design', '1 Year'),
(2335, 3, 5, 87, 'Diploma in Communicative English', '1 Year'),
(2336, 3, 5, 87, 'Diploma in Community Development', '1 Year'),
(2337, 3, 5, 87, 'Diploma in Computer Assistant Cartography', '1 Year'),
(2338, 3, 5, 87, 'Diploma in Conflict Transformation and Peacebuilding', '1 Year'),
(2339, 3, 5, 87, 'Diploma in Counseling', '1 Year'),
(2340, 3, 5, 87, 'Diploma in Counseling Psychology', '1 Year'),
(2341, 3, 5, 87, 'Diploma in Creative Writing in English', '1 Year'),
(2342, 3, 5, 87, 'Diploma in Creative Writing in Hindi', '1 Year'),
(2343, 3, 5, 87, 'Diploma in Croatian', '1 Year'),
(2344, 3, 5, 87, 'Diploma in Czech', '1 Year'),
(2345, 3, 5, 87, 'Diploma in DarshanShastra', '1 Year'),
(2346, 3, 5, 87, 'Diploma in Direction', '1 Year'),
(2347, 3, 5, 87, 'Diploma in Disability Management', '1 Year'),
(2348, 3, 5, 87, 'Diploma in Divinity', '1 Year'),
(2349, 3, 5, 87, 'Diploma in Drawing and Painting', '1 Year'),
(2350, 3, 5, 87, 'Diploma in Early Childhood Care and Education', '1 Year'),
(2351, 3, 5, 87, 'Diploma in Early Childhood Education', '1 Year'),
(2352, 3, 5, 87, 'Diploma in Early Childhood Special Education (Mental Retardation)', '1 Year'),
(2353, 3, 5, 87, 'Diploma in Education ? Special Education (Autism Spectrum Disorder)', '1 Year'),
(2354, 3, 5, 87, 'Diploma in Education ? Special Education (Cerebral Palsy)', '1 Year'),
(2355, 3, 5, 87, 'Diploma in Education ? Special Education (Deafblindness)', '1 Year'),
(2356, 3, 5, 87, 'Diploma in Education ? Special Education (Hearing Impairment)', '1 Year'),
(2357, 3, 5, 87, 'Diploma in Education ? Special Education ( Mental Retardation)', '1 Year'),
(2358, 3, 5, 87, 'Diploma in Education (D.Ed)', '1 Year'),
(2359, 3, 5, 87, 'Diploma in Education of the Physical Handicapped (Dip,.ph.H.)', '1 Year'),
(2360, 3, 5, 87, 'Diploma in Education Technology', '1 Year'),
(2361, 3, 5, 87, 'Diploma in Education- Special Education ( Visual Impairment)', '1 Year'),
(2362, 3, 5, 87, 'Diploma in English', '1 Year'),
(2363, 3, 5, 87, 'Diploma in English- Hindi Translation', '1 Year'),
(2364, 3, 5, 87, 'Diploma inFengShui Chinese Astrology (DIF)', '1 Year'),
(2365, 3, 5, 87, 'Diploma in Fine Art', '1 Year'),
(2366, 3, 5, 87, 'Diploma in Fine Art (Advance)', '1 Year'),
(2367, 3, 5, 87, 'Diploma in Fine Art (Painting)', '1 Year'),
(2368, 3, 5, 87, 'Diploma in Fine Arts', '1 Year'),
(2369, 3, 5, 87, 'Diploma in French', '1 Year'),
(2370, 3, 5, 87, 'Diploma in Functional English', '1 Year'),
(2371, 3, 5, 87, 'Diploma in GandharvaVed-Indian Classical Music', '1 Year'),
(2372, 3, 5, 87, 'Diploma in GandhiVicharDarshan', '1 Year'),
(2373, 3, 5, 87, 'Diploma in Gems & Crystals (DIG)', '1 Year'),
(2374, 3, 5, 87, 'Diploma in German ', '1 Year'),
(2375, 3, 5, 87, 'Diploma in German Language', '1 Year'),
(2376, 3, 5, 87, 'Diploma in Hindi', '1 Year'),
(2377, 3, 5, 87, 'Diploma in Hindustani', '1 Year'),
(2378, 3, 5, 87, 'Diploma in Hindustani Classical Vocal Music', '1 Year'),
(2379, 3, 5, 87, 'Diploma in HIV and Family Education', '1 Year'),
(2380, 3, 5, 87, 'Diploma in Holistic Health', '1 Year'),
(2381, 3, 5, 87, 'Diploma in Human Rights and Value Education', '1 Year'),
(2382, 3, 5, 87, 'Diploma in Hungarian', '1 Year'),
(2383, 3, 5, 87, 'Diploma in Imams', '1 Year'),
(2384, 3, 5, 87, 'Diploma in Indian Sign Language Interpreting', '1 Year'),
(2385, 3, 5, 87, 'Diploma in Italian', '1 Year'),
(2386, 3, 5, 87, 'Diploma in Japanese', '1 Year'),
(2387, 3, 5, 87, 'Diploma inJyotish&Vaastushashtra', '1 Year'),
(2388, 3, 5, 87, 'Diploma in Kannada', '1 Year'),
(2389, 3, 5, 87, 'Diploma in Kashmiri', '1 Year'),
(2390, 3, 5, 87, 'Diploma in Library and Information Science', '1 Year'),
(2391, 3, 5, 87, 'Diploma in Library Science', '1 Year'),
(2392, 3, 5, 87, 'Diploma in Life Skills Education', '1 Year'),
(2393, 3, 5, 87, 'Diploma in Linguistics', '1 Year'),
(2394, 3, 5, 87, 'Diploma in MadhyamaKaksha leading to V', '1 Year'),
(2395, 3, 5, 87, 'Diploma in Maharishi VedVigyan', '1 Year'),
(2396, 3, 5, 87, 'Diploma in Management of Welfare and Developmental Services', '1 Year'),
(2397, 3, 5, 87, 'Diploma in Marathi', '1 Year'),
(2398, 3, 5, 87, 'Diploma in Ministry', '1 Year'),
(2399, 3, 5, 87, 'Diploma in Modern Arabic', '1 Year'),
(2400, 3, 5, 87, 'Diploma in Modern Indian Language', '1 Year'),
(2401, 3, 5, 87, 'Diploma in Modern Persian', '1 Year'),
(2402, 3, 5, 87, 'Diploma in Music', '1 Year'),
(2403, 3, 5, 87, 'Diploma in New Economy Skills', '1 Year'),
(2404, 3, 5, 87, 'Diploma in Numerology', '1 Year'),
(2405, 3, 5, 87, 'Diploma in Nursery and Primary Teacher?s Training', '1 Year'),
(2406, 3, 5, 87, 'Diploma in Nursery Teacher Training (NTT)', '1 Year'),
(2407, 3, 5, 87, 'Diploma in Oriental Librarianship', '1 Year'),
(2408, 3, 5, 87, 'Diploma in Oriya', '1 Year'),
(2409, 3, 5, 87, 'Diploma in Painting, Sculpture and Applied Arts', '1 Year'),
(2410, 3, 5, 87, 'Diploma in Pali', '1 Year'),
(2411, 3, 5, 87, 'Diploma in PaliBaddism', '1 Year'),
(2412, 3, 5, 87, 'Diploma in Palmistry (DIP)', '1 Year'),
(2413, 3, 5, 87, 'Diploma in Panchayat Raj', '1 Year'),
(2414, 3, 5, 87, 'Diploma in Performing Arts', '1 Year'),
(2415, 3, 5, 87, 'Diploma in Persian', '1 Year'),
(2416, 3, 5, 87, 'Diploma in Persian Palaeography', '1 Year'),
(2417, 3, 5, 87, 'Diploma in PhalitJyotish', '1 Year'),
(2418, 3, 5, 87, 'Diploma in Philosophy', '1 Year'),
(2419, 3, 5, 87, 'Diploma in Physical Education', '1 Year'),
(2420, 3, 5, 87, 'Diploma in Police Administration', '1 Year'),
(2421, 3, 5, 87, 'Diploma in Polish', '1 Year'),
(2422, 3, 5, 87, 'Diploma in Prakrit', '1 Year'),
(2423, 3, 5, 87, 'Diploma in Pre-School Education', '1 Year'),
(2424, 3, 5, 87, 'Diploma in Primary Teacher Training', '1 Year'),
(2425, 3, 5, 87, 'Diploma in Printing Arts', '1 Year'),
(2426, 3, 5, 87, 'Diploma in Public Administration', '1 Year'),
(2427, 3, 5, 87, 'Diploma in Public Management', '1 Year'),
(2428, 3, 5, 87, 'Diploma in Public Relations', '1 Year'),
(2429, 3, 5, 87, 'Diploma in Punjabi', '1 Year'),
(2430, 3, 5, 87, 'Diploma in Reasoning', '1 Year'),
(2431, 3, 5, 87, 'Diploma in Remote Sensing and GIS Applications', '1 Year'),
(2432, 3, 5, 87, 'Diploma in Rural Development', '1 Year'),
(2433, 3, 5, 87, 'Diploma in Russian', '1 Year'),
(2434, 3, 5, 87, 'Diploma in Sanskrit', '1 Year'),
(2435, 3, 5, 87, 'Diploma in Script Writing', '1 Year'),
(2436, 3, 5, 87, 'Diploma in Sculpture', '1 Year'),
(2437, 3, 5, 87, 'Diploma in Serbian', '1 Year'),
(2438, 3, 5, 87, 'Diploma in Sketching & Oil Painting', '1 Year'),
(2439, 3, 5, 87, 'Diploma in Slovak', '1 Year'),
(2440, 3, 5, 87, 'Diploma in Spanish', '1 Year'),
(2441, 3, 5, 87, 'Diploma in Sri Mad BhagwatPuran', '1 Year'),
(2442, 3, 5, 87, 'Diploma in SthapatyaVed-VastuVidya', '1 Year'),
(2443, 3, 5, 87, 'Diploma in Tagore Literature', '1 Year'),
(2444, 3, 5, 87, 'Diploma in Tamil', '1 Year'),
(2445, 3, 5, 87, 'Diploma in Tarot Reading (RIT)', '1 Year'),
(2446, 3, 5, 87, 'Diploma in Teacher Education', '1 Year'),
(2447, 3, 5, 87, 'Diploma in Teaching Young Hearing Impaired Children', '1 Year'),
(2448, 3, 5, 87, 'Diploma in Telugu', '1 Year'),
(2449, 3, 5, 87, 'Diploma in Theology', '1 Year'),
(2450, 3, 5, 87, 'Diploma in Tibetan Language and Literature', '1 Year'),
(2451, 3, 5, 87, 'Diploma in Tourism & Ticketing', '1 Year'),
(2452, 3, 5, 87, 'Diploma in Tourism Studies', '1 Year'),
(2453, 3, 5, 87, 'Diploma in Translation Proficiency (English)', '1 Year'),
(2454, 3, 5, 87, 'Diploma in Travel & Tourism', '1 Year'),
(2455, 3, 5, 87, 'Diploma in Travel and Tourism Interior Designing', '1 Year'),
(2456, 3, 5, 87, 'Diploma in Urdu', '1 Year'),
(2457, 3, 5, 87, 'Diploma in Urdu Palaeography', '1 Year'),
(2458, 3, 5, 87, 'Diploma in Urdu Trans.& Mass Media', '1 Year'),
(2459, 3, 5, 87, 'Diploma in Vedic SwasthyaVidhan', '1 Year'),
(2460, 3, 5, 87, 'Diploma in Visual & Fine Arts', '1 Year'),
(2461, 3, 5, 87, 'Diploma in Vocational Rehabilitation (Mental Retardation)', '1 Year'),
(2462, 3, 5, 87, 'Diploma in Women Studies', '1 Year'),
(2463, 3, 5, 87, 'Diploma in Women?s Empowerment and Development (DWED)', '1 Year'),
(2464, 3, 5, 87, 'Diploma in Youth in Development Work', '1 Year'),
(2465, 3, 5, 87, 'Diploma in Proficiency in French', '1 Year'),
(2466, 3, 5, 87, 'Diploma in Proficiency in German', '1 Year'),
(2467, 3, 5, 88, 'Diploma in Architectural Technology', '1 Year'),
(2468, 3, 5, 88, 'Diploma in Building Design', '1 Year'),
(2469, 3, 5, 88, 'Diploma in Building Quality Management', '1 Year'),
(2470, 3, 5, 88, 'Diploma in Building Supervisor', '1 Year'),
(2471, 3, 5, 88, 'Diploma in Civil & Rural Engineering', '1 Year'),
(2472, 3, 5, 88, 'Diploma in Civil Construction Supervisor', '1 Year'),
(2473, 3, 5, 88, 'Diploma in Civil Draughts Man', '1 Year'),
(2474, 3, 5, 88, 'Diploma in Civil Engineering Techniques', '1 Year'),
(2475, 3, 5, 88, 'Diploma in Land Survey', '1 Year'),
(2476, 3, 5, 88, 'Diploma in Land Survey & Documentation', '1 Year'),
(2477, 3, 5, 88, 'Diploma in Land Survey Assistant', '1 Year'),
(2478, 3, 5, 88, 'Diploma in Land Surveying Using Total Station and GPS', '1 Year'),
(2479, 3, 5, 88, 'Diploma in Quantity Surveying & Billing Engineer in Civil Construction', '1 Year'),
(2480, 3, 5, 88, 'Diploma in Structural Technician', '1 Year'),
(2481, 3, 5, 89, 'Diploma in Personality Development', '1 Year'),
(2482, 3, 5, 89, 'Diploma in Communication Skills Development', '1 Year'),
(2483, 3, 5, 89, 'Diploma in Entrepreneurship Skills Development', '1 Year'),
(2484, 3, 5, 89, 'Diploma in Personality Trainer', '1 Year'),
(2485, 3, 5, 89, 'Diploma in Communication Skills Trainer', '1 Year'),
(2486, 3, 5, 89, 'Diploma in Entrepreneurship Trainer', '1 Year'),
(2487, 3, 5, 90, 'Diploma in Global Hardware and Networking', '1 Year'),
(2488, 3, 5, 90, 'Diploma in .Net ', '1 Year'),
(2489, 3, 5, 90, 'Diploma in 3d Animation', '1 Year'),
(2490, 3, 5, 90, 'Diploma in Asp.Net', '1 Year'),
(2491, 3, 5, 90, 'Diploma in Auto Cad', '1 Year'),
(2492, 3, 5, 90, 'Diploma inAutocad', '1 Year'),
(2493, 3, 5, 90, 'Diploma in C#.Net', '1 Year'),
(2494, 3, 5, 90, 'Diploma in C++', '1 Year'),
(2495, 3, 5, 90, 'Diploma in Chip Level System Diploma in CAD/CAM Programming', '1 Year');
INSERT INTO `jiier_paper` (`id`, `program_id`, `degree_id`, `degree_type_id`, `paper_name`, `year`) VALUES
(2496, 3, 5, 90, 'Diploma inClerical Jobs in Computerised Office', '1 Year'),
(2497, 3, 5, 90, 'Diploma inComputer Accounting', '1 Year'),
(2498, 3, 5, 90, 'Diploma in Computer Added Accounting', '1 Year'),
(2499, 3, 5, 90, 'Diploma in Computer Aided Accounting', '1 Year'),
(2500, 3, 5, 90, 'Diploma in Computer Animation & Graphics', '1 Year'),
(2501, 3, 5, 90, 'Diploma in Computer Application', '1 Year'),
(2502, 3, 5, 90, 'Diploma in Computer Applications (Data Care Management)', '1 Year'),
(2503, 3, 5, 90, 'Diploma in Computer Engineering', '1 Year'),
(2504, 3, 5, 90, 'Diploma in Computer Faculty Training', '1 Year'),
(2505, 3, 5, 90, 'Diploma in Computer Hardware and Networking', '1 Year'),
(2506, 3, 5, 90, 'Diploma in Computer Hardware Maintenance', '1 Year'),
(2507, 3, 5, 90, 'Diploma in Computer Maintenance and Network Engineering', '1 Year'),
(2508, 3, 5, 90, 'Diploma in Computer in Office Management', '1 Year'),
(2509, 3, 5, 90, 'Diploma in Computer Integrated Manufacturing', '1 Year'),
(2510, 3, 5, 90, 'Diploma in Computer Multimedia', '1 Year'),
(2511, 3, 5, 90, 'Diploma in Computer Programming (DCP)', '1 Year'),
(2512, 3, 5, 90, 'Diploma in Computer Science', '1 Year'),
(2513, 3, 5, 90, 'Diploma in Computer Science & Engineering', '1 Year'),
(2514, 3, 5, 90, 'Diploma in Computer Science and Technology', '1 Year'),
(2515, 3, 5, 90, 'Diploma in Computer Software (DCS)', '1 Year'),
(2516, 3, 5, 90, 'Diploma in Computer Teacher Training', '1 Year'),
(2517, 3, 5, 90, 'Diploma in Computer Technology', '1 Year'),
(2518, 3, 5, 90, 'Diploma in Computerised Accounting (DIC)', '1 Year'),
(2519, 3, 5, 90, 'Diploma in Computerised Financial Management', '1 Year'),
(2520, 3, 5, 90, 'Diploma in Compuerised Secretarial Management', '1 Year'),
(2521, 3, 5, 90, 'Diploma in Cyber Security', '1 Year'),
(2522, 3, 5, 90, 'Diploma in Electronic Office', '1 Year'),
(2523, 3, 5, 90, 'Diploma in Cyber Security (ADCS)', '1 Year'),
(2524, 3, 5, 90, 'Diploma in Data Care Management', '1 Year'),
(2525, 3, 5, 90, 'Diploma in Data Entry and Console Operation', '1 Year'),
(2526, 3, 5, 90, 'Diploma in Desktop Publishing', '1 Year'),
(2527, 3, 5, 90, 'Diploma in Graphics', '1 Year'),
(2528, 3, 5, 90, 'Diploma in Hardware and Networking Technology', '1 Year'),
(2529, 3, 5, 90, 'Diploma in Hardware Maintenance', '1 Year'),
(2530, 3, 5, 90, 'Diploma in Hardware Technology (DIHT)', '1 Year'),
(2531, 3, 5, 90, 'Diploma in Industrial Software Development', '1 Year'),
(2532, 3, 5, 90, 'Diploma in Information Technology', '1 Year'),
(2533, 3, 5, 90, 'Diploma in Information Technology & Multimedia', '1 Year'),
(2534, 3, 5, 90, 'Diploma in Internet & Internet Security', '1 Year'),
(2535, 3, 5, 90, 'Diploma in Internet & Web Designing', '1 Year'),
(2536, 3, 5, 90, 'Diploma in Internet Application', '1 Year'),
(2537, 3, 5, 90, 'Diploma in J2ee', '1 Year'),
(2538, 3, 5, 90, 'Diploma in Laptop Hardware &Wifi Technology', '1 Year'),
(2539, 3, 5, 90, 'Diploma in Mobile Phone Technology', '1 Year'),
(2540, 3, 5, 90, 'Diploma in Multimedia', '1 Year'),
(2541, 3, 5, 90, 'Diploma in Multimedia and Web Designing', '1 Year'),
(2542, 3, 5, 90, 'Diploma in Multimedia Design', '1 Year'),
(2543, 3, 5, 90, 'Diploma in Networking & Internet Application', '1 Year'),
(2544, 3, 5, 90, 'Diploma in Office Automation', '1 Year'),
(2545, 3, 5, 90, 'Diploma in Office Automation and Web Designing', '1 Year'),
(2546, 3, 5, 90, 'Diploma in Operations of Computer in Retail Shops', '1 Year'),
(2547, 3, 5, 90, 'Diploma in Oracle', '1 Year'),
(2548, 3, 5, 90, 'Diploma in Product and Interface Design', '1 Year'),
(2549, 3, 5, 90, 'Diploma in Programming in Computer Language', '1 Year'),
(2550, 3, 5, 90, 'Diploma in Sap', '1 Year'),
(2551, 3, 5, 90, 'Diploma in Software Application', '1 Year'),
(2552, 3, 5, 90, 'Diploma in Software Engineering (ADSE)', '1 Year'),
(2553, 3, 5, 90, 'Diploma in Software Marketing', '1 Year'),
(2554, 3, 5, 90, 'Diploma in Software Technology (ADSE)', '1 Year'),
(2555, 3, 5, 90, 'Diploma in Software Testing', '1 Year'),
(2556, 3, 5, 90, 'Diploma in Vb.Net', '1 Year'),
(2557, 3, 5, 90, 'Diploma in Visual C++', '1 Year'),
(2558, 3, 5, 90, 'Diploma in Web Designing', '1 Year'),
(2559, 3, 5, 90, 'Diploma in Web Designing and Software Development', '1 Year'),
(2560, 3, 5, 90, 'Diploma in Web Technologies', '1 Year'),
(2561, 3, 5, 90, 'Diploma in Computer Science and Applications (DCA)', '1 Year'),
(2562, 3, 5, 91, 'Diploma in Beauty Technician ', '1 Year'),
(2563, 3, 5, 91, 'Diploma in Bouquet Making & Flower Decoration', '1 Year'),
(2564, 3, 5, 91, 'Diploma in Cosmetology and Beauty Parlor Management', '1 Year'),
(2565, 3, 5, 91, 'Diploma in Hair Styling', '1 Year'),
(2566, 3, 5, 91, 'Diploma in Henna Making', '1 Year'),
(2567, 3, 5, 91, 'Diploma inMehandi Application', '1 Year'),
(2568, 3, 5, 91, 'Diploma in Nail Technology', '1 Year'),
(2569, 3, 5, 91, 'Diploma in Nature Cure Beauty', '1 Year'),
(2570, 3, 5, 91, 'Diploma in Self Grooming & Bridal Make Up', '1 Year'),
(2571, 3, 5, 91, 'Diploma in Spa & Beauty', '1 Year'),
(2572, 3, 5, 91, 'Diploma in Beauty Care', '1 Year'),
(2573, 3, 5, 91, 'Diploma in Beauty Culture', '1 Year'),
(2574, 3, 5, 91, 'Diploma in Beauty and Hair Dressing', '1 Year'),
(2575, 3, 5, 92, 'Diploma in Advanced Mobile Phone Technology', '1 Year'),
(2576, 3, 5, 92, 'Diploma in Air Conditioning & Refrigeration Mechanism', '1 Year'),
(2577, 3, 5, 92, 'Diploma in Air Conditioning And Refrigeration', '1 Year'),
(2578, 3, 5, 92, 'Diploma in Cable TV Network Technician', '1 Year'),
(2579, 3, 5, 92, 'Diploma inCable TV Operator', '1 Year'),
(2580, 3, 5, 92, 'Diploma in CCTV Technician', '1 Year'),
(2581, 3, 5, 92, 'Diploma in CCTV Technology & Surveillance', '1 Year'),
(2582, 3, 5, 92, 'Diploma in Clock & Watch Repair Technician', '1 Year'),
(2583, 3, 5, 92, 'Diploma in Consumer Electronics Maintenance', '1 Year'),
(2584, 3, 5, 92, 'Diploma in Domestic Electronic Equipment Servicing', '1 Year'),
(2585, 3, 5, 92, 'Diploma in DTH Technology', '1 Year'),
(2586, 3, 5, 92, 'Diploma in Electrical & Electronics Technology', '1 Year'),
(2587, 3, 5, 92, 'Diploma in Electrical Motor Rewinding', '1 Year'),
(2588, 3, 5, 92, 'Diploma in Electrical Power Drives Technician', '1 Year'),
(2589, 3, 5, 92, 'Diploma in Electrician', '1 Year'),
(2590, 3, 5, 92, 'Diploma in Electronic Chock Maker', '1 Year'),
(2591, 3, 5, 92, 'Diploma in Electronics & Communication Technology', '1 Year'),
(2592, 3, 5, 92, 'Diploma in Electronics Technician', '1 Year'),
(2593, 3, 5, 92, 'Diploma in Embedded System &Plc Technician ', '1 Year'),
(2594, 3, 5, 92, 'Diploma in Emergency Light Technician', '1 Year'),
(2595, 3, 5, 92, 'Diploma in Gas Stove Technician', '1 Year'),
(2596, 3, 5, 92, 'Diploma in Generator Operation & Service Technology', '1 Year'),
(2597, 3, 5, 92, 'Diploma in H.V.A.C. Technician', '1 Year'),
(2598, 3, 5, 92, 'Diploma in Heavy Electrical Motor Winder', '1 Year'),
(2599, 3, 5, 92, 'Diploma in Industrial Electronics', '1 Year'),
(2600, 3, 5, 92, 'Diploma in Industrial Electronics Technology', '1 Year'),
(2601, 3, 5, 92, 'Diploma in Invertor, UPS Technology', '1 Year'),
(2602, 3, 5, 92, 'Diploma in Mobile Phone Technician', '1 Year'),
(2603, 3, 5, 92, 'Diploma in Power Invertor Technician', '1 Year'),
(2604, 3, 5, 92, 'Diploma in Radio & TV Assembler', '1 Year'),
(2605, 3, 5, 92, 'Diploma in Refrigeration & Air Conditioning Engineering', '1 Year'),
(2606, 3, 5, 92, 'Diploma in Sewing Machine Technician', '1 Year'),
(2607, 3, 5, 92, 'Diploma in Sheet Metal & Fabrication', '1 Year'),
(2608, 3, 5, 92, 'Diploma in Stabilizer Maker', '1 Year'),
(2609, 3, 5, 92, 'Diploma inTelephone Technician', '1 Year'),
(2610, 3, 5, 92, 'Diploma in TV Mechanism', '1 Year'),
(2611, 3, 5, 92, 'Diploma in Electrical Motor Winder', '1 Year'),
(2612, 3, 5, 93, 'Diploma in Apparel Fashion Design & Technology', '1 Year'),
(2613, 3, 5, 93, 'Diploma inApparel Manufacturing', '1 Year'),
(2614, 3, 5, 93, 'Diploma in Apparel Manufacturing & Advance Pattern Making Technology', '1 Year'),
(2615, 3, 5, 93, 'Diploma in Apparel Manufacturing Technology and Systems', '1 Year'),
(2616, 3, 5, 93, 'Diploma in Apparel Merchandising', '1 Year'),
(2617, 3, 5, 93, 'Diploma in Computer Aided Pattern Making Technology', '1 Year'),
(2618, 3, 5, 93, 'Diploma in Computerized Fashion Designing', '1 Year'),
(2619, 3, 5, 93, 'Diploma in Costume Design and Dress Making Technology', '1 Year'),
(2620, 3, 5, 93, 'Diploma inCostume Designing Technology', '1 Year'),
(2621, 3, 5, 93, 'Diploma in Design (GDPD)', '1 Year'),
(2622, 3, 5, 93, 'Diploma in Dress Making Techniques', '1 Year'),
(2623, 3, 5, 93, 'Diploma in Fashion & Garment Technology', '1 Year'),
(2624, 3, 5, 93, 'Diploma in Fashion Design', '1 Year'),
(2625, 3, 5, 93, 'Diploma in Fashion Design & Merchandising', '1 Year'),
(2626, 3, 5, 93, 'Diploma in Fashion Design & Technology', '1 Year'),
(2627, 3, 5, 93, 'Diploma in Fashion Designing and Clothing Technology', '1 Year'),
(2628, 3, 5, 93, 'Diploma in Fashion Designing and Garment Technology', '1 Year'),
(2629, 3, 5, 93, 'Diploma inFashion Designing Assistant Diploma in Fashion Designing in CAD', '1 Year'),
(2630, 3, 5, 93, 'Diploma inFashion Designing Technician', '1 Year'),
(2631, 3, 5, 93, 'Diploma in Fashion Management', '1 Year'),
(2632, 3, 5, 93, 'Diploma in Fashion Merchandising & Retail Management', '1 Year'),
(2633, 3, 5, 93, 'Diploma in Fashion Styling', '1 Year'),
(2634, 3, 5, 93, 'Diploma in Fashion Technology', '1 Year'),
(2635, 3, 5, 93, 'Diploma in Fashion Technology & Garment Technology', '1 Year'),
(2636, 3, 5, 93, 'Diploma in Fashion, Accessories & Craft Designing', '1 Year'),
(2637, 3, 5, 93, 'Diploma in Garment Manufacturing Technology', '1 Year'),
(2638, 3, 5, 93, 'Diploma in Garment Technology', '1 Year'),
(2639, 3, 5, 93, 'Diploma in Hair Dressing Techniques', '1 Year'),
(2640, 3, 5, 93, 'Diploma in Interior Designing and Decoration', '1 Year'),
(2641, 3, 5, 93, 'Diploma in Knitwear Manufacturing Technology', '1 Year'),
(2642, 3, 5, 93, 'Diploma in Pattern Making and CAD', '1 Year'),
(2643, 3, 5, 93, 'Diploma in Quality Assurance and Compliance', '1 Year'),
(2644, 3, 5, 93, 'Diploma in Retail Operations', '1 Year'),
(2645, 3, 5, 93, 'Diploma in Shirt & Pant Making Techniques', '1 Year'),
(2646, 3, 5, 93, 'Diploma in Tailoring Trainer', '1 Year'),
(2647, 3, 5, 94, 'Diploma in Construction Safety', '1 Year'),
(2648, 3, 5, 94, 'Diploma in Construction Safety Management', '1 Year'),
(2649, 3, 5, 94, 'Diploma in Electrical Safety', '1 Year'),
(2650, 3, 5, 94, 'Diploma in Environmental Safety', '1 Year'),
(2651, 3, 5, 94, 'Diploma in Fire & Safety Engineering', '1 Year'),
(2652, 3, 5, 94, 'Diploma in Fire & Safety Engineering Techniques', '1 Year'),
(2653, 3, 5, 94, 'Diploma in Fire & Safety Methods', '1 Year'),
(2654, 3, 5, 94, 'Diploma in Fire and Construction Safety Management', '1 Year'),
(2655, 3, 5, 94, 'Diploma in Fire Fighting', '1 Year'),
(2656, 3, 5, 94, 'Diploma in Fire Man Technician', '1 Year'),
(2657, 3, 5, 94, 'Diploma in Fire Technician', '1 Year'),
(2658, 3, 5, 94, 'Diploma in Food Safety', '1 Year'),
(2659, 3, 5, 94, 'Diploma in Health, Environment & Safety Engineering', '1 Year'),
(2660, 3, 5, 94, 'Diploma in Health, Safety & Environment Management', '1 Year'),
(2661, 3, 5, 94, 'Diploma in Industrial Environment Safety', '1 Year'),
(2662, 3, 5, 94, 'Diploma in Industrial Safety', '1 Year'),
(2663, 3, 5, 94, 'Diploma in Industrial Safety & Disaster Management', '1 Year'),
(2664, 3, 5, 94, 'Diploma in Industrial Safety Engineering', '1 Year'),
(2665, 3, 5, 94, 'Diploma in Occupational Safety & Health', '1 Year'),
(2666, 3, 5, 94, 'Diploma in Occupational Safety, Health & Environmental Mgmt', '1 Year'),
(2667, 3, 5, 94, 'Diploma in Off Shore Safety', '1 Year'),
(2668, 3, 5, 94, 'Diploma in Sub Fire Station Officer', '1 Year'),
(2669, 3, 5, 95, 'Diploma in Agro ? Forest Education', '1 Year'),
(2670, 3, 5, 95, 'Diploma in Rural Management', '1 Year'),
(2671, 3, 5, 95, 'Diploma in Pollution Control Management', '1 Year'),
(2672, 3, 5, 95, 'Diploma in Sustainable Environmental Management', '1 Year'),
(2673, 3, 5, 95, 'Diploma in Soil Conservation & Rural Construction Technology', '1 Year'),
(2674, 3, 5, 95, 'Diploma in Environmental Administration', '1 Year'),
(2675, 3, 5, 95, 'Diploma in Agro ? Forest Products Storage Technician', '1 Year'),
(2676, 3, 5, 95, 'Diploma in Agro ? Forest Products Packing Technician', '1 Year'),
(2677, 3, 5, 95, 'Diploma in Agro ? Forest Products Quality Control Technician', '1 Year'),
(2678, 3, 5, 95, 'Diploma in Agro ? Forest Products Processing Technician', '1 Year'),
(2679, 3, 5, 95, 'Diploma in Erosion Technology', '1 Year'),
(2680, 3, 5, 95, 'Diploma in Community Development', '1 Year'),
(2681, 3, 5, 96, 'Diploma in Diamond Grading', '1 Year'),
(2682, 3, 5, 96, 'Diploma in Electroplating & Polishing', '1 Year'),
(2683, 3, 5, 96, 'Diploma in Gemmology', '1 Year'),
(2684, 3, 5, 96, 'Diploma in Gold Refining & Assaying Techniques', '1 Year'),
(2685, 3, 5, 96, 'Diploma in Jewel Casting Techniques', '1 Year'),
(2686, 3, 5, 96, 'Diploma in Jewel Designing - Cad', '1 Year'),
(2687, 3, 5, 96, 'Diploma in Jewel Manufacturing', '1 Year'),
(2688, 3, 5, 96, 'Diploma in Jewellery Appraiser', '1 Year'),
(2689, 3, 5, 96, 'Diploma in Jewellery Hostess', '1 Year'),
(2690, 3, 5, 96, 'Diploma in Jewellery Professional Course', '1 Year'),
(2691, 3, 5, 96, 'Diploma in Jewellery Sales Man / Woman', '1 Year'),
(2692, 3, 5, 96, 'Diploma in Jewels & Precious Metal Technician', '1 Year'),
(2693, 3, 5, 96, 'Diploma in Stone Setting (Metal Setting)', '1 Year'),
(2694, 3, 5, 97, 'Diploma in Interior Designing', '1 Year'),
(2695, 3, 5, 97, 'Diploma in Exterior Designing', '1 Year'),
(2696, 3, 5, 97, 'Diploma in Interior & Exterior Designing', '1 Year'),
(2697, 3, 5, 97, 'Diploma in Indoor Technician', '1 Year'),
(2698, 3, 5, 97, 'Diploma in Design Painter', '1 Year'),
(2699, 3, 5, 97, 'Diploma in Sign Board Writer', '1 Year'),
(2700, 3, 5, 97, 'Diploma inThermocol Decorator', '1 Year'),
(2701, 3, 5, 97, 'Diploma in Sheet Metal Fabricator ', '1 Year'),
(2702, 3, 5, 97, 'Diploma in Pot Painting, Oil Painting and Glass Painting', '1 Year'),
(2703, 3, 5, 97, 'Diploma in Ceramic Painting', '1 Year'),
(2704, 3, 5, 97, 'Diploma in Drawing And Water Colour Painting', '1 Year'),
(2705, 3, 5, 97, 'Diploma in Block Painting', '1 Year'),
(2706, 3, 5, 97, 'Diploma in Aluminum Fabrication', '1 Year'),
(2707, 3, 5, 97, 'Diploma in Floriculture & Land Scapping Technology', '1 Year'),
(2708, 3, 5, 97, 'Diploma in Garden Science', '1 Year'),
(2709, 3, 5, 97, 'Diploma in Landscaping Technician', '1 Year'),
(2710, 3, 5, 97, 'Diploma in Interior Decoration & Designing', '1 Year'),
(2711, 3, 5, 98, 'Diploma in Bakery and Confectionery', '1 Year'),
(2712, 3, 5, 98, 'Diploma in Bakery Baking Technician', '1 Year'),
(2713, 3, 5, 98, 'Diploma in Canning and Preservation', '1 Year'),
(2714, 3, 5, 98, 'Diploma in Catering Technology', '1 Year'),
(2715, 3, 5, 98, 'Diploma in Domestic House Keeping', '1 Year'),
(2716, 3, 5, 98, 'Diploma in Fish Food Processing', '1 Year'),
(2717, 3, 5, 98, 'Diploma in Food and Beverage Service', '1 Year'),
(2718, 3, 5, 98, 'Diploma in Food Nutrition', '1 Year'),
(2719, 3, 5, 98, 'Diploma in Food Preservation', '1 Year'),
(2720, 3, 5, 98, 'Diploma in Food Processing and Preservation', '1 Year'),
(2721, 3, 5, 98, 'Diploma in Food Production Technology', '1 Year'),
(2722, 3, 5, 98, 'Diploma in Front Office Management', '1 Year'),
(2723, 3, 5, 98, 'Diploma in Fruit Processing (Jam, Jelly, Juice)', '1 Year'),
(2724, 3, 5, 98, 'Diploma in Hotel Management & Catering Science', '1 Year'),
(2725, 3, 5, 98, 'Diploma in Hotel Management & Tourism', '1 Year'),
(2726, 3, 5, 98, 'Diploma in Hotel Operation & Management ', '1 Year'),
(2727, 3, 5, 98, 'Diploma in Tourism and Travel Technician', '1 Year'),
(2728, 3, 5, 98, 'Diploma in Tourism and Travel Agency Management', '1 Year'),
(2729, 3, 5, 99, 'Diploma in 2D & 3D Animation', '1 Year'),
(2730, 3, 5, 99, 'Diploma in 2D Animation', '1 Year'),
(2731, 3, 5, 99, 'Diploma in 3D Animation', '1 Year'),
(2732, 3, 5, 99, 'Diploma in 3D Animation - Maya', '1 Year'),
(2733, 3, 5, 99, 'Diploma in 3D Animation and VFX', '1 Year'),
(2734, 3, 5, 99, 'Diploma in 3D Animation and VFX', '1 Year'),
(2735, 3, 5, 99, 'Diploma in 3D Graphics', '1 Year'),
(2736, 3, 5, 99, 'Diploma in Acting', '1 Year'),
(2737, 3, 5, 99, 'Diploma in Advertising & Media Communication', '1 Year'),
(2738, 3, 5, 99, 'Diploma in Animation', '1 Year'),
(2739, 3, 5, 99, 'Diploma in Animation and Design', '1 Year'),
(2740, 3, 5, 99, 'Diploma in Animation and Multimedia (GDAM)', '1 Year'),
(2741, 3, 5, 99, 'Diploma in Animation Engineering and Visual Effects ', '1 Year'),
(2742, 3, 5, 99, 'Diploma in Animation Designing and Multimedia (DADM)', '1 Year'),
(2743, 3, 5, 99, 'Diploma in Animation Engineering (DAE)', '1 Year'),
(2744, 3, 5, 99, 'Diploma in Animation Film Making', '1 Year'),
(2745, 3, 5, 99, 'Diploma in Animation Software', '1 Year'),
(2746, 3, 5, 99, 'Diploma in Animation, gaming and Special effects', '1 Year'),
(2747, 3, 5, 99, 'Diploma in Audio-Visual Effects Technician', '1 Year'),
(2748, 3, 5, 99, 'Diploma in Broadcast Animation', '1 Year'),
(2749, 3, 5, 99, 'Diploma in Camera and Lighting Techniques', '1 Year'),
(2750, 3, 5, 99, 'Diploma in Cartoon Animation (DCA)', '1 Year'),
(2751, 3, 5, 99, 'Diploma in Cinema Acting', '1 Year'),
(2752, 3, 5, 99, 'Diploma in Cinematography', '1 Year'),
(2753, 3, 5, 99, 'Diploma in Classical Animation', '1 Year'),
(2754, 3, 5, 99, 'Diploma in Dark Room Technician', '1 Year'),
(2755, 3, 5, 99, 'Diploma in Digital Animation (DDA)', '1 Year'),
(2756, 3, 5, 99, 'Diploma in Digital Arts', '1 Year'),
(2757, 3, 5, 99, 'Diploma in Digital Cinema Editing', '1 Year'),
(2758, 3, 5, 99, 'Diploma in Digital Cinematography', '1 Year'),
(2759, 3, 5, 99, 'Diploma inDigital Film Making', '1 Year'),
(2760, 3, 5, 99, 'Diploma in Digital Photography', '1 Year'),
(2761, 3, 5, 99, 'Diploma in Digital Videography', '1 Year'),
(2762, 3, 5, 99, 'Diploma in Direction', '1 Year'),
(2763, 3, 5, 99, 'Diploma in Direction & Screen Play Writing', '1 Year'),
(2764, 3, 5, 99, 'Diploma in Direction and Screenplay Writing and Television Production', '1 Year'),
(2765, 3, 5, 99, 'Diploma in Editing, VFX& Digital Intermediate', '1 Year'),
(2766, 3, 5, 99, 'Diploma in Film Editing ? Non Liner Editing', '1 Year'),
(2767, 3, 5, 99, 'Diploma in Film Editing and Television Production (Cinematography)', '1 Year'),
(2768, 3, 5, 99, 'Diploma in Film Technology and Television Production (Film Processing)', '1 Year'),
(2769, 3, 5, 99, 'Diploma in Film Technology and Television Production (Sound Recording and Sound Engineering)', '1 Year'),
(2770, 3, 5, 99, 'Diploma in Game Design & Development Application', '1 Year'),
(2771, 3, 5, 99, 'Diploma in Game Design (DGD)', '1 Year'),
(2772, 3, 5, 99, 'Diploma in Graphics and Animation', '1 Year'),
(2773, 3, 5, 99, 'Diploma inJournalism& Mass Communication', '1 Year'),
(2774, 3, 5, 99, 'Diploma in Maya', '1 Year'),
(2775, 3, 5, 99, 'Diploma in Multimedia', '1 Year'),
(2776, 3, 5, 99, 'Diploma in Multimedia & Animation', '1 Year'),
(2777, 3, 5, 99, 'Diploma in Multimedia (DMM)', '1 Year'),
(2778, 3, 5, 99, 'Diploma in Multimedia and Animation (DMA)', '1 Year'),
(2779, 3, 5, 99, 'Diploma in Multimedia Animation and VFX', '1 Year'),
(2780, 3, 5, 99, 'Diploma in Multimedia Creations', '1 Year'),
(2781, 3, 5, 99, 'Diploma in Multimedia Production (DMP)', '1 Year'),
(2782, 3, 5, 99, 'Diploma in Multimedia, Animation and Graphics Course', '1 Year'),
(2783, 3, 5, 99, 'Diploma in Multimedia, Graphics and 2D Animation', '1 Year'),
(2784, 3, 5, 99, 'Diploma in Radio Jockey', '1 Year'),
(2785, 3, 5, 99, 'Diploma in Radio Programming, Production and Management', '1 Year'),
(2786, 3, 5, 99, 'Diploma in Radio, Video Jockey & News Reading', '1 Year'),
(2787, 3, 5, 99, 'Diploma in Screen Play Writing', '1 Year'),
(2788, 3, 5, 99, 'Diploma in Sound Editing In Computer Dubbing-Recording', '1 Year'),
(2789, 3, 5, 99, 'Diploma in Sound Engineering', '1 Year'),
(2790, 3, 5, 99, 'Diploma in Television Production', '1 Year'),
(2791, 3, 5, 99, 'Diploma in TV and Video Production', '1 Year'),
(2792, 3, 5, 99, 'Diploma in Video Editing and Sound Recording', '1 Year'),
(2793, 3, 5, 99, 'Diploma in Visual Communication', '1 Year'),
(2794, 3, 5, 99, 'Diploma in Visual Effects', '1 Year'),
(2795, 3, 5, 99, 'Diploma in Visual Media', '1 Year'),
(2796, 3, 5, 100, 'Diploma in Acing', '1 Year'),
(2797, 3, 5, 100, 'Diploma in Acting and Drama', '1 Year'),
(2798, 3, 5, 100, 'Diploma inBharathanatiyam', '1 Year'),
(2799, 3, 5, 100, 'Diploma in Cine Music Direction', '1 Year'),
(2800, 3, 5, 100, 'Diploma in Dance', '1 Year'),
(2801, 3, 5, 100, 'Diploma in Direction & Screenwriting', '1 Year'),
(2802, 3, 5, 100, 'Diploma in Dramatic Arts', '1 Year'),
(2803, 3, 5, 100, 'Diploma in Electronic Cinematography', '1 Year'),
(2804, 3, 5, 100, 'Diploma in Film Direction', '1 Year'),
(2805, 3, 5, 100, 'Diploma in Flute', '1 Year'),
(2806, 3, 5, 100, 'Diploma in Key Board', '1 Year'),
(2807, 3, 5, 100, 'Diploma in Performing Arts (Drama)', '1 Year'),
(2808, 3, 5, 100, 'Diploma in Sound Recording and Designing', '1 Year'),
(2809, 3, 5, 100, 'Diploma in Tempura Player', '1 Year'),
(2810, 3, 5, 100, 'Diploma inVeena', '1 Year'),
(2811, 3, 5, 100, 'Diploma in Violin', '1 Year'),
(2812, 3, 5, 100, 'Diploma inVocal Music', '1 Year'),
(2813, 3, 5, 101, 'Diploma in GST', '1 Year'),
(2814, 3, 5, 102, 'Certification in patient care', '1 Year'),
(2815, 3, 5, 102, 'Diploma in Dietician', '1 Year'),
(2816, 3, 5, 102, 'Diploma in Emergency Medical Services', '1 Year'),
(2817, 3, 5, 102, 'Diploma in Awareness of Hiv& Aids', '1 Year'),
(2818, 3, 5, 102, 'Diploma in Blood Bank Assistant', '1 Year'),
(2819, 3, 5, 102, 'Diploma in Hospital House Keeping', '1 Year'),
(2820, 3, 5, 102, 'Diploma in Old Age Care', '1 Year'),
(2821, 3, 5, 103, 'Diploma in Ayurveda Medical Science', '1 Year'),
(2822, 3, 5, 103, 'Diploma in Ayurveda Nursing & Pharmacy', '1 Year'),
(2823, 3, 5, 103, 'Diploma in Panchakarma& Massage Therapy', '1 Year'),
(2824, 3, 5, 103, 'Diploma in Ayurveda Nursing Assistant', '1 Year'),
(2825, 3, 5, 103, 'Diploma in Ayurveda Beauty Care', '1 Year'),
(2826, 3, 5, 103, 'Diploma in Ayurveda Massage &Panchakarma Therapy', '1 Year'),
(2827, 3, 5, 103, 'Diploma in Ayurveda, Panchakarma, Nursing & Yoga', '1 Year'),
(2828, 3, 5, 103, 'BEAUTY AND WELLNESS', '1 Year'),
(2829, 3, 5, 103, 'Diploma in Beauty Technician', '1 Year'),
(2830, 3, 5, 103, 'Diploma in Bouquet Making & Flower Decoration', '1 Year'),
(2831, 3, 5, 103, 'Diploma in Cosmetology and Beauty Parlour Management', '1 Year'),
(2832, 3, 5, 103, 'Diploma in Hair Styling', '1 Year'),
(2833, 3, 5, 103, 'Diploma in Henna Making', '1 Year'),
(2834, 3, 5, 103, 'Diploma in Mehandi Application', '1 Year'),
(2835, 3, 5, 103, 'Diploma in Nail Technology', '1 Year'),
(2836, 3, 5, 104, 'Diploma in Anesthesia Technician', '1 Year'),
(2837, 3, 5, 104, 'Diploma in Anesthesia Technology', '1 Year'),
(2838, 3, 5, 104, 'Diploma in Audio-Metry Technology', '1 Year'),
(2839, 3, 5, 104, 'Diploma in C.S.S.D Technician', '1 Year'),
(2840, 3, 5, 104, 'Diploma in C.S.S.D Technology', '1 Year'),
(2841, 3, 5, 104, 'Diploma in Cell Therapy', '1 Year'),
(2842, 3, 5, 104, 'Diploma in Community Health', '1 Year'),
(2843, 3, 5, 105, 'Diploma in Bio-Chemic & Flower Medicine', '1 Year'),
(2844, 3, 5, 105, 'Diploma in Homeopathy Nursing Assistant', '1 Year'),
(2845, 3, 5, 105, 'Diploma in Homeopathy Pharmacy Assistant', '1 Year'),
(2846, 3, 5, 105, 'Diploma in Homeopathy Medicine Science', '1 Year'),
(2847, 3, 5, 105, 'Diploma in Homeopathy', '1 Year'),
(2848, 3, 5, 105, 'Diploma in Homeo& Flower Remedies', '1 Year'),
(2849, 3, 5, 105, 'Diploma in Homeopathy & Flower Remedies', '1 Year'),
(2850, 3, 5, 106, 'Diploma in Special Education (Deaf Blindness)', '1 Year'),
(2851, 3, 5, 106, 'Diploma in Hearing Impairment', '1 Year'),
(2852, 3, 5, 106, 'Diploma in Indian Sign Language Interpreting', '1 Year'),
(2853, 3, 5, 106, 'Diploma in Mental Retardation', '1 Year'),
(2854, 3, 5, 106, 'Diploma in Early Childhood Special Education', '1 Year'),
(2855, 3, 5, 106, 'Diploma in Learning Disability', '1 Year'),
(2856, 3, 5, 106, 'Diploma in Prosthetic and Orthotics', '1 Year'),
(2857, 3, 5, 107, 'Diploma in Traditional Siddha', '1 Year'),
(2858, 3, 5, 107, 'Diploma in Siddha & Ayurveda', '1 Year'),
(2859, 3, 5, 107, 'Diploma in Herbal Medicines', '1 Year'),
(2860, 3, 5, 107, 'Diploma in Siddha Medicine & Science', '1 Year'),
(2861, 3, 5, 107, 'Diploma in Siddha', '1 Year'),
(2862, 3, 5, 107, 'Diploma in Traditional Health Science', '1 Year'),
(2863, 3, 5, 107, 'Diploma in Siddha Diet therapy', '1 Year'),
(2864, 3, 5, 108, 'Diploma in Unani for Chronic Ailments', '1 Year'),
(2865, 3, 5, 108, 'Diploma in Unani for Kidney Diseases', '1 Year'),
(2866, 3, 5, 108, 'Diploma in Unani', '1 Year'),
(2867, 3, 5, 108, 'Diploma in Unani Pharmacy', '1 Year'),
(2868, 3, 5, 108, 'Diploma in Unani Medicine', '1 Year'),
(2869, 3, 5, 108, 'Diploma in Hijama Therapy', '1 Year'),
(2870, 3, 5, 108, 'Diploma in Basic Unani', '1 Year'),
(2871, 3, 5, 109, 'Diploma in Yoga', '1 Year'),
(2872, 3, 5, 109, 'Diploma in Body Building (Health) Fitness, And Nutrition', '1 Year'),
(2873, 3, 5, 109, 'Diploma in Yoga & Naturopathic Science', '1 Year'),
(2874, 3, 5, 109, 'Diploma in Yoga & Acupuncture', '1 Year'),
(2875, 3, 5, 109, 'Diploma in Yoga & Nature Care', '1 Year'),
(2876, 3, 5, 109, 'Diploma in Holistic Therapy', '1 Year'),
(2877, 3, 5, 109, 'Diploma in Integrative Alternative Therapies', '1 Year'),
(2878, 3, 5, 110, 'Diploma in Veterinary Laboratory Technician', '1 Year'),
(2879, 3, 5, 110, 'Diploma in Livestock Dairy Supervisor', '1 Year'),
(2880, 3, 5, 110, 'Diploma in Veterinary Pharmacy', '1 Year'),
(2881, 3, 5, 110, 'Diploma in Veterinary Inspector', '1 Year'),
(2882, 3, 5, 110, 'Diploma in Livestock Inspector', '1 Year'),
(2883, 3, 6, 111, 'PG Diploma in Agri Input Management (PGDAIM)', '2 Year'),
(2884, 3, 6, 111, 'PG Diploma in Agriculture Marketing Management', '2 Year'),
(2885, 3, 6, 111, 'PG Diploma in Agriculture Water Management', '2 Year'),
(2886, 3, 6, 111, 'PG Diploma in Aquaculture', '2 Year'),
(2887, 3, 6, 111, 'PG Diploma in Companion Animal Practice', '2 Year'),
(2888, 3, 6, 111, 'PG Diploma in Fishery Science', '2 Year'),
(2889, 3, 6, 111, 'PG Diploma in Food Safety and Quality Management (PGDFSQM)', '2 Year'),
(2890, 3, 6, 111, 'PG Diploma in Forestry Management (PGDFM)', '2 Year'),
(2891, 3, 6, 111, 'PG Diploma in GIS and Remote Sensing', '2 Year'),
(2892, 3, 6, 111, 'PG Diploma in Nuclear Applications (Animal Sciences)', '2 Year'),
(2893, 3, 6, 111, 'PG Diploma in Plantation Management (PGDPM)', '2 Year'),
(2894, 3, 6, 111, 'PG Diploma in Post-Harvest Technology', '2 Year'),
(2895, 3, 6, 111, 'PG Diploma in Regulations in Agricultural Biotechnology', '2 Year'),
(2896, 3, 6, 111, 'PG Diploma in Veterinary Laboratory Diagnosis', '2 Year'),
(2897, 3, 6, 111, 'PG Diploma in Watershed Management', '2 Year'),
(2898, 3, 6, 111, 'PG Diploma in Wild Animal Disease Management', '2 Year'),
(2899, 3, 6, 111, 'PG Diploma in Pulp & Paper Technology', '2 Year'),
(2900, 3, 6, 111, 'Post Master?s Diploma Non-wood Forest Products', '2 Year'),
(2901, 3, 6, 112, 'PG Diploma in Adapted Physical Education', '2 Year'),
(2902, 3, 6, 112, 'PG Diploma in Adult and Continuing Education', '2 Year'),
(2903, 3, 6, 112, 'PG Diploma in Adult Education & Development', '2 Year'),
(2904, 3, 6, 112, 'PG Diploma in Ambedkar Studies', '2 Year'),
(2905, 3, 6, 112, 'PG Diploma in Application of Psychology (PGDAP)', '2 Year'),
(2906, 3, 6, 112, 'PG Diploma in Applied Economics', '2 Year'),
(2907, 3, 6, 112, 'PG Diploma in Applied Psychology', '2 Year'),
(2908, 3, 6, 112, 'PG Diploma in Archaeology', '2 Year'),
(2909, 3, 6, 112, 'PG Diploma in Archival Science and Manuscriptology', '2 Year'),
(2910, 3, 6, 112, 'PG Diploma in Art and Craft', '2 Year'),
(2911, 3, 6, 112, 'PG Diploma in Audio Programme Production', '2 Year'),
(2912, 3, 6, 112, 'PG Diploma in BashantharaAdhyayayayana (Translation Studies)', '2 Year'),
(2913, 3, 6, 112, 'PG Diploma in Book Publishing', '2 Year'),
(2914, 3, 6, 112, 'PG Diploma in Buddhist Studies', '2 Year'),
(2915, 3, 6, 112, 'PG Diploma in Business English', '2 Year'),
(2916, 3, 6, 112, 'PG Diploma in Chinese Studies', '2 Year'),
(2917, 3, 6, 112, 'PG Diploma in Clinical Psychology', '2 Year'),
(2918, 3, 6, 112, 'PG Diploma in Commercial Art', '2 Year'),
(2919, 3, 6, 112, 'PG Diploma in Communicative English', '2 Year'),
(2920, 3, 6, 112, 'PG Diploma in Consumer Service', '2 Year'),
(2921, 3, 6, 112, 'PG Diploma in Counselling Psychology', '2 Year'),
(2922, 3, 6, 112, 'PG Diploma in Creative Designing 7 CAD/CAM (PGDCD)', '2 Year'),
(2923, 3, 6, 112, 'PG Diploma in Creative Writing in English', '2 Year'),
(2924, 3, 6, 112, 'PG Diploma in Creative Writing in Hindi', '2 Year'),
(2925, 3, 6, 112, 'PG Diploma in DalitaAdhyayana (Dalit Studies)', '2 Year'),
(2926, 3, 6, 112, 'PG Diploma in Diploma Music(Vocal)', '2 Year'),
(2927, 3, 6, 112, 'PG Diploma in Distance Education', '2 Year'),
(2928, 3, 6, 112, 'PG Diploma in Early Childhood Education', '2 Year'),
(2929, 3, 6, 112, 'PG Diploma in Early Intervention', '2 Year'),
(2930, 3, 6, 112, 'PG Diploma in Economics', '2 Year'),
(2931, 3, 6, 112, 'PG Diploma in Educational Technology', '2 Year'),
(2932, 3, 6, 112, 'PG Diploma in Electronic Media and Film Production', '2 Year'),
(2933, 3, 6, 112, 'PG Diploma in English', '2 Year'),
(2934, 3, 6, 112, 'PG Diploma in Environment and Sustainable Development', '2 Year'),
(2935, 3, 6, 112, 'PG Diploma in Extension Education & Social Work', '2 Year'),
(2936, 3, 6, 112, 'PG Diploma in Family and Child Psychology', '2 Year'),
(2937, 3, 6, 112, 'PG Diploma in FengShui& Chinese Astrology (PGDIF)', '2 Year'),
(2938, 3, 6, 112, 'PG Diploma in Functional Hindi & Translation', '2 Year'),
(2939, 3, 6, 112, 'PG Diploma in Gandhian Philosophy', '2 Year'),
(2940, 3, 6, 112, 'PG Diploma in Gender Studies', '2 Year'),
(2941, 3, 6, 112, 'PG Diploma in Guidance & Counselling', '2 Year'),
(2942, 3, 6, 112, 'PG Diploma in Health, Family Welfare and Population Education', '2 Year'),
(2943, 3, 6, 112, 'PG Diploma in Higher Education', '2 Year'),
(2944, 3, 6, 112, 'PG Diploma in Hindi', '2 Year'),
(2945, 3, 6, 112, 'PG Diploma in Homeland Security', '2 Year'),
(2946, 3, 6, 112, 'PG Diploma in Human Ecology', '2 Year'),
(2947, 3, 6, 112, 'PG Diploma in Human Rights and Duties Education', '2 Year'),
(2948, 3, 6, 112, 'PG Diploma in Indian Philosophy and Religion', '2 Year'),
(2949, 3, 6, 112, 'PG Diploma in Instructional Design', '2 Year'),
(2950, 3, 6, 112, 'PG Diploma in Instrumentation', '2 Year'),
(2951, 3, 6, 112, 'PG Diploma in Karmakand and Paurohitya (Functional Kannada)', '2 Year'),
(2952, 3, 6, 112, 'PG Diploma in Language Teaching', '2 Year'),
(2953, 3, 6, 112, 'PG Diploma in Learning Disability', '2 Year'),
(2954, 3, 6, 112, 'PG Diploma in Library Automation and Networking', '2 Year'),
(2955, 3, 6, 112, 'PG Diploma in Linguistics', '2 Year'),
(2956, 3, 6, 112, 'PG Diploma in Management of Learning Disability', '2 Year'),
(2957, 3, 6, 112, 'PG Diploma in Mathematics Education', '2 Year'),
(2958, 3, 6, 112, 'PG Diploma in Mental Health Counselling', '2 Year'),
(2959, 3, 6, 112, 'PG Diploma in Modern Spoken Arabic', '2 Year'),
(2960, 3, 6, 112, 'PG Diploma in Movement Education', '2 Year'),
(2961, 3, 6, 112, 'PG Diploma in Museology & Heritage Conservation', '2 Year'),
(2962, 3, 6, 112, 'PG Diploma in Museology and History of Indian Arts', '2 Year'),
(2963, 3, 6, 112, 'PG Diploma in Music (Tabla)', '2 Year'),
(2964, 3, 6, 112, 'PG Diploma in NGO Management', '2 Year'),
(2965, 3, 6, 112, 'PG Diploma in Non Governmental Organisation', '2 Year'),
(2966, 3, 6, 112, 'PG Diploma in Palmistry and Face Reading (PGDIP)', '2 Year'),
(2967, 3, 6, 112, 'PG Diploma in Pandulipi and PuralipiVigyan', '2 Year'),
(2968, 3, 6, 112, 'PG Diploma in Parent Counselling (PGDPC)', '2 Year'),
(2969, 3, 6, 112, 'PG Diploma in Participatory Management of Displacement Resettlement and Rehabilitation', '2 Year'),
(2970, 3, 6, 112, 'PG Diploma in Physical Science', '2 Year'),
(2971, 3, 6, 112, 'PG Diploma in Population and Development Education', '2 Year'),
(2972, 3, 6, 112, 'PG Diploma in Preschool Teachers Education', '2 Year'),
(2973, 3, 6, 112, 'PG Diploma in Primary Teachers Training', '2 Year'),
(2974, 3, 6, 112, 'PG Diploma in Psychiatric Social Work', '2 Year'),
(2975, 3, 6, 112, 'PG Diploma in Public Administration', '2 Year'),
(2976, 3, 6, 112, 'PG Diploma in Public Relations', '2 Year'),
(2977, 3, 6, 112, 'PG Diploma in Punjabi Translation', '2 Year'),
(2978, 3, 6, 112, 'PG Diploma in Rehabilitation Psychology', '2 Year'),
(2979, 3, 6, 112, 'PG Diploma in Research Methodology and Statistics', '2 Year'),
(2980, 3, 6, 112, 'PG Diploma in Rural Technology', '2 Year'),
(2981, 3, 6, 112, 'PG Diploma in Sanskrit (Junior)', '2 Year'),
(2982, 3, 6, 112, 'PG Diploma in Sanskrit (Senior)', '2 Year'),
(2983, 3, 6, 112, 'PG Dip0loma in School Administration', '2 Year'),
(2984, 3, 6, 112, 'PG Diploma in School Counselling', '2 Year'),
(2985, 3, 6, 112, 'PG Diploma in Sculpture', '2 Year'),
(2986, 3, 6, 112, 'PG Diploma in Social Work & Rural Development', '2 Year'),
(2987, 3, 6, 112, 'PG Diploma in Social Work (PGDAW)', '2 Year'),
(2988, 3, 6, 112, 'PG Diploma in Social Work among Tribals (PGDSWT)', '2 Year'),
(2989, 3, 6, 112, 'PG Diploma in Sociology', '2 Year'),
(2990, 3, 6, 112, 'PG Diploma in Special Education', '2 Year'),
(2991, 3, 6, 112, 'PG Diploma in Special Education (Mental Retardation)', '2 Year'),
(2992, 3, 6, 112, 'PG Diploma in Special Education Multiple Disabilities-Physical and Neurological', '2 Year'),
(2993, 3, 6, 112, 'PG Diploma in Spoken Persian', '2 Year'),
(2994, 3, 6, 112, 'PG Diploma in Sports Psychology', '2 Year'),
(2995, 3, 6, 112, 'PG Diploma in Textiles Designing', '2 Year'),
(2996, 3, 6, 112, 'PG Diploma in the Teaching of English (PGDTE)', '2 Year'),
(2997, 3, 6, 112, 'PG Diploma in Tourism', '2 Year'),
(2998, 3, 6, 112, 'PG Diploma in Tourism & Hotel Management', '2 Year'),
(2999, 3, 6, 112, 'PG Diploma in Torism and Indian Monuments (PGDTIM)', '2 Year'),
(3000, 3, 6, 112, 'PG Diploma in Travel & Tourism Management', '2 Year'),
(3001, 3, 6, 112, 'PG Diploma in Travel Tourism & Cultural Heritage', '2 Year'),
(3002, 3, 6, 112, 'PG Diploma in Urdu Journalism and Mass Communication', '2 Year'),
(3003, 3, 6, 112, 'PG Diploma in VastuShastra', '2 Year'),
(3004, 3, 6, 112, 'PG Diploma in Vedic Vastu (PGDIV)', '2 Year'),
(3005, 3, 6, 112, 'PG Diploma in Visual Arts', '2 Year'),
(3006, 3, 6, 112, 'PG Diploma in Water Resource Management', '2 Year'),
(3007, 3, 6, 112, 'PG Diploma in Women and Child Welfare', '2 Year'),
(3008, 3, 6, 112, 'PG Diploma in Women?s Studies', '2 Year'),
(3009, 3, 6, 112, 'PG Diploma in Indian Political System and Good Governance', '2 Year'),
(3010, 3, 6, 112, 'PG in Tarot Reading and Divination (PGDIT)', '2 Year'),
(3011, 3, 6, 113, 'PG Diploma in Civil Engineering', '2 Year'),
(3012, 3, 6, 114, 'PG Diploma in Computing (PG-DAC)', '2 Year'),
(3013, 3, 6, 114, 'PG Diploma in Networking', '2 Year'),
(3014, 3, 6, 114, 'PG Diploma in Computer Application', '2 Year'),
(3015, 3, 6, 114, 'PG Diploma in Computer Commercial Application (PGDCCA)', '2 Year'),
(3016, 3, 6, 114, 'PG Diploma in Computer Education', '2 Year'),
(3017, 3, 6, 114, 'PG Diploma in Computer Hardware Maintenance', '2 Year'),
(3018, 3, 6, 114, 'PG Diploma in Computer Networking/Hardware and Maintenance', '2 Year'),
(3019, 3, 6, 114, 'PG Diploma in Computer Programming', '2 Year'),
(3020, 3, 6, 114, 'PG Diploma in Computer Programming and System Analysis', '2 Year'),
(3021, 3, 6, 114, 'PG Diploma in Computer Science', '2 Year'),
(3022, 3, 6, 114, 'PG Diploma in Cyber Security', '2 Year'),
(3023, 3, 6, 114, 'PG Diploma in e-Governance', '2 Year'),
(3024, 3, 6, 114, 'PG Diploma in Embedded System Design', '2 Year'),
(3025, 3, 6, 114, 'PG Diploma in Embedded Systems', '2 Year'),
(3026, 3, 6, 114, 'PG Diploma in Experimental Media Arts', '2 Year'),
(3027, 3, 6, 114, 'PG Diploma in Front Office', '2 Year'),
(3028, 3, 6, 114, 'PG Diploma in Hardware Maintenance and Networking', '2 Year'),
(3029, 3, 6, 114, 'PG Diploma in Information Management', '2 Year'),
(3030, 3, 6, 114, 'PG Diploma in Information Security (PGDIS)', '2 Year'),
(3031, 3, 6, 114, 'PG Diploma in Information System (APGDIS)', '2 Year'),
(3032, 3, 6, 114, 'PG Diploma in Information Systems', '2 Year'),
(3033, 3, 6, 114, 'PG Diploma in Information Technology (PGDIT)', '2 Year'),
(3034, 3, 6, 114, 'PG Diploma in Pigment and Paint Technology (PGDPPT)', '2 Year'),
(3035, 3, 6, 114, 'PG Diploma in Software Applications', '2 Year'),
(3036, 3, 6, 114, 'PG Diploma in Software Marketing', '2 Year'),
(3037, 3, 6, 114, 'PG Diploma in Telecommunication & Networking (PGDTN)', '2 Year'),
(3038, 3, 6, 114, 'PG Diploma in Web Designing', '2 Year'),
(3039, 3, 6, 114, 'PG Diploma in Web Technology', '2 Year'),
(3040, 3, 6, 115, 'PG Diploma in Apparel Merchandising', '2 Year'),
(3041, 3, 6, 115, 'PG Diploma in Computer Aided Fashion Designing', '2 Year'),
(3042, 3, 6, 115, 'PG Diploma in Cutting Tailoring and Embroidery', '2 Year'),
(3043, 3, 6, 115, 'PG Diploma in Design Management', '2 Year'),
(3044, 3, 6, 115, 'PG Diploma in Dress Designing', '2 Year'),
(3045, 3, 6, 115, 'PG Diploma in Dress Designing and Tailoring', '2 Year'),
(3046, 3, 6, 115, 'PG Diploma in Fashion Design and Clothing Technology', '2 Year'),
(3047, 3, 6, 115, 'PG Diploma in Fashion Designing', '2 Year'),
(3048, 3, 6, 115, 'PG Diploma in Fashion Designing & Apparel Merchandising', '2 Year'),
(3049, 3, 6, 115, 'PG Diploma in Fashion Marketing and Management', '2 Year'),
(3050, 3, 6, 115, 'PG Diploma in Fashion Technology (PG DFT)', '2 Year'),
(3051, 3, 6, 116, 'PG Diploma in Automobile Engineering Technology', '2 Year'),
(3052, 3, 6, 116, 'PG Diploma in Automobile service tecnique', '2 Year'),
(3053, 3, 6, 117, 'PG Diploma in Air Travel Services', '2 Year'),
(3054, 3, 6, 117, 'PG Diploma in Airport Ground Services', '2 Year'),
(3055, 3, 6, 117, 'PG Diploma in Airport Management', '2 Year'),
(3056, 3, 6, 117, 'PG Diploma in Airport Management & Customer', '2 Year'),
(3057, 3, 6, 117, 'PG Diploma in Aviation Management (PGDAM)', '2 Year'),
(3058, 3, 6, 117, 'PG Diploma in International Airlines Management', '2 Year'),
(3059, 3, 6, 117, 'PG Diploma in Logistics and Shipping', '2 Year'),
(3060, 3, 6, 117, 'PG Diploma in hospitality management.', '2 Year'),
(3061, 3, 6, 118, 'PG Diploma in Chemical Plant Processing Safety &Management', '2 Year'),
(3062, 3, 6, 118, 'PG Diploma in Environment Safety Engineering', '2 Year'),
(3063, 3, 6, 118, 'PG Diploma in Fire & Industrial Safety Management', '2 Year'),
(3064, 3, 6, 118, 'PG Diploma in Hazard Analysis Critical Control Point', '2 Year'),
(3065, 3, 6, 118, 'PG Diploma in Industrial Safety', '2 Year'),
(3066, 3, 6, 118, 'PG Diploma in Occupational Health, Safety, Environment & Risk Mgmt', '2 Year'),
(3067, 3, 6, 118, 'PG Diploma in Occupational Safety, Health & Environment Mgmt', '2 Year'),
(3068, 3, 6, 118, 'PG Diploma in Offshore, Rig, Oil And Gas Safety & Engineering', '2 Year'),
(3069, 3, 6, 118, 'PG Diploma in Petro Chemical Process Safety & Engineering', '2 Year'),
(3070, 3, 6, 118, 'PG Diploma in Power Plant Engineering, Safety & Technology', '2 Year'),
(3071, 3, 6, 118, 'PG Diploma in Transport of Hazardous and Dangerous Goods by Road', '2 Year'),
(3072, 3, 6, 119, 'PG Diploma in Hospitality Management', '2 Year'),
(3073, 3, 6, 119, 'PG Diploma in Hotel Management & Catering Sciences', '2 Year'),
(3074, 3, 6, 120, 'PG Diploma in 3D Animation', '2 Year'),
(3075, 3, 6, 120, 'PG Diploma in Animation Technology (PGDAT)', '2 Year'),
(3076, 3, 6, 120, 'PG Diploma in Art Direction and Production Design', '2 Year'),
(3077, 3, 6, 120, 'PG Diploma in Cinema', '2 Year'),
(3078, 3, 6, 120, 'PG Diploma in Cinematography', '2 Year'),
(3079, 3, 6, 120, 'PG Diploma in Graphics & Animation', '2 Year'),
(3080, 3, 6, 120, 'PG Diploma in Journalism and Mass Communication', '2 Year'),
(3081, 3, 6, 120, 'PG Diploma in Radio Prasaran', '2 Year'),
(3082, 3, 6, 120, 'PG Diploma in Television Production', '2 Year'),
(3083, 3, 6, 120, 'PG Diploma in TV Presentation and TV News Reading', '2 Year'),
(3084, 3, 6, 121, 'PG Diploma in physician assistant', '2 Year'),
(3085, 3, 6, 122, 'PG Diploma in logistics and shipping', '2 Year'),
(3086, 3, 6, 123, 'PG Diploma in Acting', '2 Year'),
(3087, 3, 6, 123, 'PG Diploma in Bharathanatiyam', '2 Year'),
(3088, 3, 6, 123, 'PG Diploma in Direction & Screenwriting', '2 Year'),
(3089, 3, 6, 123, 'PG Diploma in Dramatics', '2 Year'),
(3090, 3, 6, 123, 'PG Diploma in Theatre Arts', '2 Year'),
(3091, 3, 6, 123, 'PG Diploma in Thumari', '2 Year'),
(3092, 3, 6, 123, 'PG Diploma in Veena', '2 Year'),
(3093, 3, 6, 123, 'PG Diploma in Vocal Music', '2 Year'),
(3094, 4, 7, 124, 'Accounting and finance', '3 Year'),
(3095, 4, 7, 124, 'Actuarial and financial mathematics', '3 Year'),
(3096, 4, 7, 124, 'Actuarial science', '3 Year'),
(3097, 4, 7, 124, 'Zoology & bio technology', '3 Year'),
(3098, 4, 7, 124, 'Aeronautical science', '3 Year'),
(3099, 4, 7, 124, 'Agricultural bio technology', '3 Year'),
(3100, 4, 7, 124, 'Agricultural economics & farm management', '3 Year'),
(3101, 4, 7, 124, 'Agricultural statistics', '3 Year'),
(3102, 4, 7, 124, 'Agriculture', '3 Year'),
(3103, 4, 7, 124, 'Agriculture business management', '3 Year'),
(3104, 4, 7, 124, 'Agro ? chemical and pest control', '3 Year'),
(3105, 4, 7, 124, 'Agronomy', '3 Year'),
(3106, 4, 7, 124, 'Aircraft maintenance science', '3 Year'),
(3107, 4, 7, 124, 'Airlines, tourism and hospitality management', '3 Year'),
(3108, 4, 7, 124, 'Allied health sciences', '3 Year'),
(3109, 4, 7, 124, 'Anaesthesias& operation techniques', '3 Year'),
(3110, 4, 7, 124, 'Analytical chemistry', '3 Year'),
(3111, 4, 7, 124, 'Anatomy', '3 Year'),
(3112, 4, 7, 124, 'Animal husbandry and dairying', '3 Year'),
(3113, 4, 7, 124, 'Animation', '3 Year'),
(3114, 4, 7, 124, 'Animation and gaming', '3 Year'),
(3115, 4, 7, 124, 'Animation &VFX', '3 Year'),
(3116, 4, 7, 124, 'Animation and multimedia', '3 Year'),
(3117, 4, 7, 124, 'Animation and visual effects', '3 Year'),
(3118, 4, 7, 124, 'Animation film making', '3 Year'),
(3119, 4, 7, 124, 'Animation game designing and development', '3 Year'),
(3120, 4, 7, 124, 'Anthropology', '3 Year'),
(3121, 4, 7, 124, 'Applied sciences food technology', '3 Year'),
(3122, 4, 7, 124, 'Apparel and fashion technology', '3 Year'),
(3123, 4, 7, 124, 'Applied bio technology applied chemistry', '3 Year'),
(3124, 4, 7, 124, 'Applied mathematics', '3 Year'),
(3125, 4, 7, 124, 'Applied microbiology', '3 Year'),
(3126, 4, 7, 124, 'Applied nutrition', '3 Year'),
(3127, 4, 7, 124, 'Applied physical sciences', '3 Year'),
(3128, 4, 7, 124, 'Applied physics', '3 Year'),
(3129, 4, 7, 124, 'Applied science', '3 Year'),
(3130, 4, 7, 124, 'Applied statistics', '3 Year'),
(3131, 4, 7, 124, 'Aquaculture', '3 Year'),
(3132, 4, 7, 124, 'Aquaculture & fishery microbiology', '3 Year'),
(3133, 4, 7, 124, 'Aqua logy', '3 Year'),
(3134, 4, 7, 124, 'Audiology', '3 Year'),
(3135, 4, 7, 124, 'Audiology and speech rehabilitation', '3 Year'),
(3136, 4, 7, 124, 'Aviation', '3 Year'),
(3137, 4, 7, 124, 'Aviation technology with pilot studies', '3 Year'),
(3138, 4, 7, 124, 'Interior design and decoration', '3 Year'),
(3139, 4, 7, 124, 'Banking and finance', '3 Year'),
(3140, 4, 7, 124, 'Bio chemistry', '3 Year'),
(3141, 4, 7, 124, 'Bio chemistry and agricultural chemistry', '3 Year'),
(3142, 4, 7, 124, 'Bio informatics', '3 Year'),
(3143, 4, 7, 124, 'Biological science', '3 Year'),
(3144, 4, 7, 124, 'Biology', '3 Year'),
(3145, 4, 7, 124, 'Bio medical sciences', '3 Year'),
(3146, 4, 7, 124, 'Biosciences', '3 Year'),
(3147, 4, 7, 124, 'Biostatistics', '3 Year'),
(3148, 4, 7, 124, 'Biotechnology', '3 Year'),
(3149, 4, 7, 124, 'Botany', '3 Year'),
(3150, 4, 7, 124, 'Business and management studies', '3 Year'),
(3151, 4, 7, 124, 'Business information system', '3 Year'),
(3152, 4, 7, 124, 'Cardiac technology', '3 Year'),
(3153, 4, 7, 124, 'Cardiovascular technology', '3 Year'),
(3154, 4, 7, 124, 'Catering management', '3 Year'),
(3155, 4, 7, 124, 'Catering science and hotel management', '3 Year'),
(3156, 4, 7, 124, 'Chemistry', '3 Year'),
(3157, 4, 7, 124, 'Child development & family relations', '3 Year'),
(3158, 4, 7, 124, 'Clinical microbiology', '3 Year'),
(3159, 4, 7, 124, 'Clinical nutrition', '3 Year'),
(3160, 4, 7, 124, 'Clothing and textiles', '3 Year'),
(3161, 4, 7, 124, 'Communication science', '3 Year'),
(3162, 4, 7, 124, 'Composite', '3 Year'),
(3163, 4, 7, 124, 'Computer applications', '3 Year'),
(3164, 4, 7, 124, 'Computer applications informatics', '3 Year'),
(3165, 4, 7, 124, 'Computer maintenance & electronics', '3 Year'),
(3166, 4, 7, 124, 'Computer science', '3 Year'),
(3167, 4, 7, 124, 'Computer science statistics', '3 Year'),
(3168, 4, 7, 124, 'Computer technology', '3 Year'),
(3169, 4, 7, 124, 'Costume and fashion technology', '3 Year'),
(3170, 4, 7, 124, 'Costume design and fashion', '3 Year'),
(3171, 4, 7, 124, 'Critical care technology', '3 Year'),
(3172, 4, 7, 124, 'Crop physiology', '3 Year'),
(3173, 4, 7, 124, 'Dairy technology', '3 Year'),
(3174, 4, 7, 124, 'Digital film making', '3 Year'),
(3175, 4, 7, 124, 'Digital media', '3 Year'),
(3176, 4, 7, 124, 'Dress designing', '3 Year'),
(3177, 4, 7, 124, 'Economics', '3 Year'),
(3178, 4, 7, 124, 'Electronic commerce', '3 Year'),
(3179, 4, 7, 124, 'Electronic media', '3 Year'),
(3180, 4, 7, 124, 'Electronics', '3 Year'),
(3181, 4, 7, 124, 'Electronics & communication', '3 Year'),
(3182, 4, 7, 124, 'Emergency and trauma care technology', '3 Year'),
(3183, 4, 7, 124, 'Entomology', '3 Year'),
(3184, 4, 7, 124, 'Environmental studies', '3 Year'),
(3185, 4, 7, 124, 'Environmental science & wildlife management', '3 Year'),
(3186, 4, 7, 124, 'Environmental science and water management', '3 Year'),
(3187, 4, 7, 124, 'Extension education', '3 Year'),
(3188, 4, 7, 124, 'Family and community science', '3 Year'),
(3189, 4, 7, 124, 'Family resource management', '3 Year'),
(3190, 4, 7, 124, 'Fashion and apparel design', '3 Year'),
(3191, 4, 7, 124, 'Fashion design', '3 Year'),
(3192, 4, 7, 124, 'Fashion design and interior design', '3 Year'),
(3193, 4, 7, 124, 'Fashion design and technology', '3 Year'),
(3194, 4, 7, 124, 'Fire and safety', '3 Year'),
(3195, 4, 7, 124, 'Fire safety and hazard management', '3 Year'),
(3196, 4, 7, 124, 'Fisheries', '3 Year'),
(3197, 4, 7, 124, 'Food & nutrition', '3 Year'),
(3198, 4, 7, 124, 'Food processing technology', '3 Year'),
(3199, 4, 7, 124, 'Food science & quality control', '3 Year'),
(3200, 4, 7, 124, 'Food science and nutrition management', '3 Year'),
(3201, 4, 7, 124, 'Food sciences', '3 Year'),
(3202, 4, 7, 124, 'Food technology', '3 Year'),
(3203, 4, 7, 124, 'Forensic science', '3 Year'),
(3204, 4, 7, 124, 'Forensic sciences', '3 Year'),
(3205, 4, 7, 124, 'Forestry', '3 Year'),
(3206, 4, 7, 124, 'Gaming', '3 Year'),
(3207, 4, 7, 124, 'Garment manufacturing', '3 Year'),
(3208, 4, 7, 124, 'Garment production & export management', '3 Year'),
(3209, 4, 7, 124, 'Genetics', '3 Year'),
(3210, 4, 7, 124, 'Genetics, micro biology & chemistry', '3 Year'),
(3211, 4, 7, 124, 'Geography', '3 Year'),
(3212, 4, 7, 124, 'Geology', '3 Year'),
(3213, 4, 7, 124, 'Hardware and networking', '3 Year'),
(3214, 4, 7, 124, 'Health information administration', '3 Year'),
(3215, 4, 7, 124, 'Home management', '3 Year'),
(3216, 4, 7, 124, 'Home science & nutrition', '3 Year'),
(3217, 4, 7, 124, 'Horticulture science', '3 Year'),
(3218, 4, 7, 124, 'Hospital administration', '3 Year'),
(3219, 4, 7, 124, 'Hospitality and catering technology', '3 Year'),
(3220, 4, 7, 124, 'Hospitality and hotel administration', '3 Year'),
(3221, 4, 7, 124, 'Hospitality and tourism studies', '3 Year'),
(3222, 4, 7, 124, 'Hospitality management', '3 Year'),
(3223, 4, 7, 124, 'Hospitality management and dietetics', '3 Year'),
(3224, 4, 7, 124, 'Hospitality studies and catering services', '3 Year'),
(3225, 4, 7, 124, 'Hospitality, tourism and catering', '3 Year'),
(3226, 4, 7, 124, 'Hotel management', '3 Year'),
(3227, 4, 7, 124, 'Hotel management and catering operations', '3 Year'),
(3228, 4, 7, 124, 'Hotel management and catering technology', '3 Year'),
(3229, 4, 7, 124, 'Hotel management and catering travel operations', '3 Year'),
(3230, 4, 7, 124, 'Hotel management and culinary arts', '3 Year'),
(3231, 4, 7, 124, 'Hotel management and tourism', '3 Year'),
(3232, 4, 7, 124, 'Hotel management, catering and tourism', '3 Year'),
(3233, 4, 7, 124, 'House hold science', '3 Year'),
(3234, 4, 7, 124, 'Human development', '3 Year'),
(3235, 4, 7, 124, 'Human ecology and consumer services', '3 Year'),
(3236, 4, 7, 124, 'Industrial electronics', '3 Year'),
(3237, 4, 7, 124, 'Industrial fish and fisheries', '3 Year'),
(3238, 4, 7, 124, 'Industrial microbiology', '3 Year'),
(3239, 4, 7, 124, 'Industrial science', '3 Year'),
(3240, 4, 7, 124, 'Information science', '3 Year'),
(3241, 4, 7, 124, 'Tele communication', '3 Year'),
(3242, 4, 7, 124, 'Information system management', '3 Year'),
(3243, 4, 7, 124, 'Information technology', '3 Year'),
(3244, 4, 7, 124, 'Institutional house keeping', '3 Year'),
(3245, 4, 7, 124, 'Instrumentation', '3 Year'),
(3246, 4, 7, 124, 'Interior design', '3 Year'),
(3247, 4, 7, 124, 'Jewellery design', '3 Year'),
(3248, 4, 7, 124, 'Jewellery design and manufacture', '3 Year'),
(3249, 4, 7, 124, 'Jewellery design and technology', '3 Year'),
(3250, 4, 7, 124, 'K.P.O and customer service', '3 Year'),
(3251, 4, 7, 124, 'Life sciences', '3 Year'),
(3252, 4, 7, 124, 'Life style and accessory design', '3 Year'),
(3253, 4, 7, 124, 'M.Sc. medical anatomy', '3 Year'),
(3254, 4, 7, 124, 'Marine science', '3 Year'),
(3255, 4, 7, 124, 'Maritime hospitality studies', '3 Year'),
(3256, 4, 7, 124, 'Marketing', '3 Year'),
(3257, 4, 7, 124, 'Mass communication', '3 Year'),
(3258, 4, 7, 124, 'Mass communication and journalism', '3 Year'),
(3259, 4, 7, 124, 'Mass communication and videography', '3 Year'),
(3260, 4, 7, 124, 'Mass communication , advertising', '3 Year'),
(3261, 4, 7, 124, 'Journalism', '3 Year'),
(3262, 4, 7, 124, 'Mathematical science', '3 Year'),
(3263, 4, 7, 124, 'Mathematics', '3 Year'),
(3264, 4, 7, 124, 'Mathematics and computer science', '3 Year'),
(3265, 4, 7, 124, 'Mathematics with allied chemistry', '3 Year'),
(3266, 4, 7, 124, 'Mathematics with allied physics', '3 Year'),
(3267, 4, 7, 124, 'Mathematics , computer , statistics', '3 Year'),
(3268, 4, 7, 124, 'Med .tech .operation theatre', '3 Year'),
(3269, 4, 7, 124, 'Media graphics and animation MGA', '3 Year'),
(3270, 4, 7, 124, 'Medical', '3 Year'),
(3271, 4, 7, 124, 'Medical bio chemistry', '3 Year'),
(3272, 4, 7, 124, 'Medical bio technology', '3 Year'),
(3273, 4, 7, 124, 'Medical imagine technology', '3 Year'),
(3274, 4, 7, 124, 'Medical laboratory technology', '3 Year');
INSERT INTO `jiier_paper` (`id`, `program_id`, `degree_id`, `degree_type_id`, `paper_name`, `year`) VALUES
(3275, 4, 7, 124, 'Medical microbiology', '3 Year'),
(3276, 4, 7, 124, 'Medical radiological technology', '3 Year'),
(3277, 4, 7, 124, 'Medical sociology', '3 Year'),
(3278, 4, 7, 124, 'Medical technology', '3 Year'),
(3279, 4, 7, 124, 'Medical technology in radiography', '3 Year'),
(3280, 4, 7, 124, 'Meteorology', '3 Year'),
(3281, 4, 7, 124, 'Microbiology integrated', '3 Year'),
(3282, 4, 7, 124, 'Microbial & food technology', '3 Year'),
(3283, 4, 7, 124, 'Microbiology', '3 Year'),
(3284, 4, 7, 124, 'Microbiology and microbial technology', '3 Year'),
(3285, 4, 7, 124, 'Microbiology with immunology', '3 Year'),
(3286, 4, 7, 124, 'Military science', '3 Year'),
(3287, 4, 7, 124, 'Molecular biology', '3 Year'),
(3288, 4, 7, 124, 'Multimedia', '3 Year'),
(3289, 4, 7, 124, 'Multimedia & web technology', '3 Year'),
(3290, 4, 7, 124, 'Multimedia animation & graphics', '3 Year'),
(3291, 4, 7, 124, 'Multimedia entertainment & film technology', '3 Year'),
(3292, 4, 7, 124, 'Multimedia technology', '3 Year'),
(3293, 4, 7, 124, 'Nano technology', '3 Year'),
(3294, 4, 7, 124, 'Nautical technology', '3 Year'),
(3295, 4, 7, 124, 'Nematology', '3 Year'),
(3296, 4, 7, 124, 'Networking technologies', '3 Year'),
(3297, 4, 7, 124, 'Neurophysiology technology', '3 Year'),
(3298, 4, 7, 124, 'Non ? medical nuclear medicine technology', '3 Year'),
(3299, 4, 7, 124, 'Nutrition', '3 Year'),
(3300, 4, 7, 124, 'Nutrition & dietetics', '3 Year'),
(3301, 4, 7, 124, 'Nutrition, food services management and dietetics', '3 Year'),
(3302, 4, 7, 124, 'Occupational therapy', '3 Year'),
(3303, 4, 7, 124, ' Operation theatre &anaesthesias technology', '3 Year'),
(3304, 4, 7, 124, 'Ophthalmic techniques', '3 Year'),
(3305, 4, 7, 124, 'Optoelectronics', '3 Year'),
(3306, 4, 7, 124, 'Optometry', '3 Year'),
(3307, 4, 7, 124, 'Optometry and ophthalmic techniques', '3 Year'),
(3308, 4, 7, 124, 'Organisation and management of early childhood programmes', '3 Year'),
(3309, 4, 7, 124, 'Perfusion technology', '3 Year'),
(3310, 4, 7, 124, 'Photonics', '3 Year'),
(3311, 4, 7, 124, 'Physical education, health education & sports', '3 Year'),
(3312, 4, 7, 124, 'Physical science', '3 Year'),
(3313, 4, 7, 124, 'Physical therapy', '3 Year'),
(3314, 4, 7, 124, 'Physician assistant', '3 Year'),
(3315, 4, 7, 124, 'Physics', '3 Year'),
(3316, 4, 7, 124, 'Physics with allied chemistry', '3 Year'),
(3317, 4, 7, 124, 'Physics with allied mathematics', '3 Year'),
(3318, 4, 7, 124, 'Physiology', '3 Year'),
(3319, 4, 7, 124, 'Physiotherapy', '3 Year'),
(3320, 4, 7, 124, 'Pisciculture', '3 Year'),
(3321, 4, 7, 124, 'Plant biology and plant bio technology', '3 Year'),
(3322, 4, 7, 124, 'Polymer chemistry', '3 Year'),
(3323, 4, 7, 124, 'Polymer science', '3 Year'),
(3324, 4, 7, 124, 'Polyvalent maritime science', '3 Year'),
(3325, 4, 7, 124, 'Printing technology', '3 Year'),
(3326, 4, 7, 124, 'Prosthetics and orthotics', '3 Year'),
(3327, 4, 7, 124, 'Psychology', '3 Year'),
(3328, 4, 7, 124, 'Radiography', '3 Year'),
(3329, 4, 7, 124, 'Radiography and imagine and advanced imaging techniques', '3 Year'),
(3330, 4, 7, 124, 'Radiography and imagining technology', '3 Year'),
(3331, 4, 7, 124, 'Radiology and imaging technology', '3 Year'),
(3332, 4, 7, 124, 'Radiotherapy', '3 Year'),
(3333, 4, 7, 124, 'Renal dialysis technology', '3 Year'),
(3334, 4, 7, 124, 'Residential space design and management', '3 Year'),
(3335, 4, 7, 124, 'Respiratory therapy', '3 Year'),
(3336, 4, 7, 124, 'Rural agricultural work experience', '3 Year'),
(3337, 4, 7, 124, 'Rural technology', '3 Year'),
(3338, 4, 7, 124, 'Sericulture', '3 Year'),
(3339, 4, 7, 124, 'Social sciences', '3 Year'),
(3340, 4, 7, 124, 'Software engineering', '3 Year'),
(3341, 4, 7, 124, 'Software system', '3 Year'),
(3342, 4, 7, 124, 'Soil science', '3 Year'),
(3343, 4, 7, 124, 'Special education and rehabilitation', '3 Year'),
(3344, 4, 7, 124, 'Speech and hearing', '3 Year'),
(3345, 4, 7, 124, 'Sports science outdoor activities', '3 Year'),
(3346, 4, 7, 124, 'Sports science and physiology', '3 Year'),
(3347, 4, 7, 124, 'Statistics', '3 Year'),
(3348, 4, 7, 124, 'Teahusbandry& technology', '3 Year'),
(3349, 4, 7, 124, 'Textile design', '3 Year'),
(3350, 4, 7, 124, 'Textilescience, clothing & fashion studies', '3 Year'),
(3351, 4, 7, 124, 'Textiles and apparel designing', '3 Year'),
(3352, 4, 7, 124, 'Tourism& travel management', '3 Year'),
(3353, 4, 7, 124, 'Tourism management', '3 Year'),
(3354, 4, 7, 124, 'Urology technology', '3 Year'),
(3355, 4, 7, 124, 'Visual communication', '3 Year'),
(3356, 4, 7, 124, 'Visual communication electronic media', '3 Year'),
(3357, 4, 7, 124, 'Visual media', '3 Year'),
(3358, 4, 7, 124, 'Vocational', '3 Year'),
(3359, 4, 7, 124, 'Vocational ? nutrition', '3 Year'),
(3360, 4, 7, 124, 'Yoga', '3 Year'),
(3361, 4, 7, 124, 'Yoga and consciousness', '3 Year'),
(3362, 4, 7, 124, 'Yoga and education', '3 Year'),
(3363, 4, 7, 124, 'Yoga and management', '3 Year'),
(3364, 4, 7, 124, 'Yoga and naturopathy', '3 Year'),
(3365, 4, 7, 124, 'Zoology', '3 Year'),
(3366, 4, 7, 124, 'Zoology and animal bio technology', '3 Year'),
(3367, 4, 8, 125, 'Actuarial science', '2 Year'),
(3368, 4, 8, 125, 'Advanced bio chemistry', '2 Year'),
(3369, 4, 8, 125, 'Advertising management & public relation', '2 Year'),
(3370, 4, 8, 125, 'Agricultural bio technology', '2 Year'),
(3371, 4, 8, 125, 'Agricultural economics', '2 Year'),
(3372, 4, 8, 125, 'Agricultural economics & business management', '2 Year'),
(3373, 4, 8, 125, 'Agricultural entomology', '2 Year'),
(3374, 4, 8, 125, 'Agricultural extension education', '2 Year'),
(3375, 4, 8, 125, 'Agricultural microbiology', '2 Year'),
(3376, 4, 8, 125, 'Agricultural physics', '2 Year'),
(3377, 4, 8, 125, 'Agricultural sciences', '2 Year'),
(3378, 4, 8, 125, 'Agricultural statistics', '2 Year'),
(3379, 4, 8, 125, 'Agriculture and rural development', '2 Year'),
(3380, 4, 8, 125, 'Agriculture botany', '2 Year'),
(3381, 4, 8, 125, 'Agriculture chemistry', '2 Year'),
(3382, 4, 8, 125, 'Agriculture chemicals', '2 Year'),
(3383, 4, 8, 125, 'Agriculture chemistry & soil science', '2 Year'),
(3384, 4, 8, 125, 'Agriculture horticulture', '2 Year'),
(3385, 4, 8, 125, 'Agrilbio chemistry /ag.bio chemistry', '2 Year'),
(3386, 4, 8, 125, 'Agril.marketing& cooperation', '2 Year'),
(3387, 4, 8, 125, 'Agril. Meteorology & physics /ag.meteorology& physics', '2 Year'),
(3388, 4, 8, 125, 'Agroforestry', '2 Year'),
(3389, 4, 8, 125, 'Agro ? meteorology', '2 Year'),
(3390, 4, 8, 125, 'Agronomy', '2 Year'),
(3391, 4, 8, 125, 'Airlines, tourism & hospitality management', '2 Year'),
(3392, 4, 8, 125, 'Analytical chemistry', '2 Year'),
(3393, 4, 8, 125, 'Anatomy', '2 Year'),
(3394, 4, 8, 125, 'Animal bio technology', '2 Year'),
(3395, 4, 8, 125, 'Animal breeding & genetics', '2 Year'),
(3396, 4, 8, 125, 'Animal husbandry and drying', '2 Year'),
(3397, 4, 8, 125, 'Animal husbandry extension education', '2 Year'),
(3398, 4, 8, 125, 'Animal production & management', '2 Year'),
(3399, 4, 8, 125, 'Animal science', '2 Year'),
(3400, 4, 8, 125, 'Animation and VFX', '2 Year'),
(3401, 4, 8, 125, 'Anthropology', '2 Year'),
(3402, 4, 8, 125, 'Apparel and textiles', '2 Year'),
(3403, 4, 8, 125, 'Apparel technology and management', '2 Year'),
(3404, 4, 8, 125, 'Applications of mathematics', '2 Year'),
(3405, 4, 8, 125, 'Applied animal science', '2 Year'),
(3406, 4, 8, 125, 'Applied biology', '2 Year'),
(3407, 4, 8, 125, 'Applied chemistry', '2 Year'),
(3408, 4, 8, 125, ' Applied chemistry pharmaceuticals', '2 Year'),
(3409, 4, 8, 125, 'Applied economics & business forecasting', '2 Year'),
(3410, 4, 8, 125, 'Applied economics', '2 Year'),
(3411, 4, 8, 125, 'Applied electronics', '2 Year'),
(3412, 4, 8, 125, 'Applied fisheries and aquaculture', '2 Year'),
(3413, 4, 8, 125, 'Applied genetics', '2 Year'),
(3414, 4, 8, 125, 'Applied geography', '2 Year'),
(3415, 4, 8, 125, 'Applied geography and geo informatics', '2 Year'),
(3416, 4, 8, 125, 'Applied geology', '2 Year'),
(3417, 4, 8, 125, 'Applied geology and geo informatics', '2 Year'),
(3418, 4, 8, 125, 'Applied mathematics', '2 Year'),
(3419, 4, 8, 125, 'Applied mathematics and computing', '2 Year'),
(3420, 4, 8, 125, 'Applied mathematics with oceanology and computer programming', '2 Year'),
(3421, 4, 8, 125, 'Applied physics', '2 Year'),
(3422, 4, 8, 125, 'Applied physics and ballistics', '2 Year'),
(3423, 4, 8, 125, 'Applied plant science', '2 Year'),
(3424, 4, 8, 125, 'Applied psychology', '2 Year'),
(3425, 4, 8, 125, 'Applied psychology military', '2 Year'),
(3426, 4, 8, 125, 'Applied solid state physics', '2 Year'),
(3427, 4, 8, 125, 'Applied statistics and informatics', '2 Year'),
(3428, 4, 8, 125, 'Applied zoology', '2 Year'),
(3429, 4, 8, 125, 'Aquaculture', '2 Year'),
(3430, 4, 8, 125, 'Aquaculture & fishery micro biology', '2 Year'),
(3431, 4, 8, 125, 'Aquaculture management and technology', '2 Year'),
(3432, 4, 8, 125, 'Aquatic biology and fisheries', '2 Year'),
(3433, 4, 8, 125, 'Astronomy', '2 Year'),
(3434, 4, 8, 125, 'Astronomy and space physics', '2 Year'),
(3435, 4, 8, 125, 'Audiology', '2 Year'),
(3436, 4, 8, 125, 'Audiology and speech rehabilitation', '2 Year'),
(3437, 4, 8, 125, 'Aviation', '2 Year'),
(3438, 4, 8, 125, 'Bacteriology', '2 Year'),
(3439, 4, 8, 125, 'Banking & finance', '2 Year'),
(3440, 4, 8, 125, 'Basic science and humanities', '2 Year'),
(3441, 4, 8, 125, 'Bio chemistry', '2 Year'),
(3442, 4, 8, 125, 'Bio diversity & conservation', '2 Year'),
(3443, 4, 8, 125, 'Bio electronics and instrumentation', '2 Year'),
(3444, 4, 8, 125, 'Bio informatics', '2 Year'),
(3445, 4, 8, 125, 'Biological oceanography and bio diversity BO & BD', '2 Year'),
(3446, 4, 8, 125, 'Biological sciences', '2 Year'),
(3447, 4, 8, 125, 'Biology', '2 Year'),
(3448, 4, 8, 125, 'Bio materials and tissue engineering', '2 Year'),
(3449, 4, 8, 125, 'Bio medical genetics', '2 Year'),
(3450, 4, 8, 125, 'Bio medical science', '2 Year'),
(3451, 4, 8, 125, 'Bio physics', '2 Year'),
(3452, 4, 8, 125, 'Bio resource management', '2 Year'),
(3453, 4, 8, 125, 'Bio science', '2 Year'),
(3454, 4, 8, 125, 'Bio statistics', '2 Year'),
(3455, 4, 8, 125, 'Bio technology', '2 Year'),
(3456, 4, 8, 125, 'Bio technology & management', '2 Year'),
(3457, 4, 8, 125, 'Bio ? textiles', '2 Year'),
(3458, 4, 8, 125, 'Botany', '2 Year'),
(3459, 4, 8, 125, 'Botany and forestry', '2 Year'),
(3460, 4, 8, 125, 'Business process outsourcing', '2 Year'),
(3461, 4, 8, 125, 'Chemical Science', '2 Year'),
(3462, 4, 8, 125, 'Chemistry', '2 Year'),
(3463, 4, 8, 125, 'Child guidance and family counselling', '2 Year'),
(3464, 4, 8, 125, 'Child health nursing', '2 Year'),
(3465, 4, 8, 125, 'Clinical microbiology', '2 Year'),
(3466, 4, 8, 125, 'Clinical nutrition', '2 Year'),
(3467, 4, 8, 125, 'Clinical psychology', '2 Year'),
(3468, 4, 8, 125, 'Clinical research', '2 Year'),
(3469, 4, 8, 125, 'Clinical research and regulatory affairs', '2 Year'),
(3470, 4, 8, 125, 'Clothing and textiles', '2 Year'),
(3471, 4, 8, 125, 'Coastal & disaster management', '2 Year'),
(3472, 4, 8, 125, 'Communication', '2 Year'),
(3473, 4, 8, 125, 'Communication media for children', '2 Year'),
(3474, 4, 8, 125, 'Community health nursing', '2 Year'),
(3475, 4, 8, 125, 'Computational biology', '2 Year'),
(3476, 4, 8, 125, 'Computer animation and visual effects', '2 Year'),
(3477, 4, 8, 125, 'Computer application & information technology', '2 Year'),
(3478, 4, 8, 125, 'Computer applications', '2 Year'),
(3479, 4, 8, 125, 'Computer communication', '2 Year'),
(3480, 4, 8, 125, 'Computer science', '2 Year'),
(3481, 4, 8, 125, 'Computer technology', '2 Year'),
(3482, 4, 8, 125, 'Conservation biology', '2 Year'),
(3483, 4, 8, 125, 'Co ? operation and banking co ? operative management', '2 Year'),
(3484, 4, 8, 125, 'Costume design and fashion', '2 Year'),
(3485, 4, 8, 125, 'Counselling and family therapy', '2 Year'),
(3486, 4, 8, 125, 'Counselling psychology', '2 Year'),
(3487, 4, 8, 125, 'Criminology', '2 Year'),
(3488, 4, 8, 125, 'Criminology & criminal justices', '2 Year'),
(3489, 4, 8, 125, 'Crop physiology', '2 Year'),
(3490, 4, 8, 125, 'Crops ology', '2 Year'),
(3491, 4, 8, 125, 'Cyber law and information security', '2 Year'),
(3492, 4, 8, 125, 'Dairy chemistry', '2 Year'),
(3493, 4, 8, 125, 'Dairy engineering', '2 Year'),
(3494, 4, 8, 125, 'Dairy microbiology', '2 Year'),
(3495, 4, 8, 125, 'Dairy science', '2 Year'),
(3496, 4, 8, 125, 'Dairy technology', '2 Year'),
(3497, 4, 8, 125, 'Data mining & warehousing', '2 Year'),
(3498, 4, 8, 125, 'Developmental communication', '2 Year'),
(3499, 4, 8, 125, 'Disarmament studies', '2 Year'),
(3500, 4, 8, 125, 'Disaster mitigation', '2 Year'),
(3501, 4, 8, 125, 'Drug chemistry', '2 Year'),
(3502, 4, 8, 125, 'Earth science', '2 Year'),
(3503, 4, 8, 125, 'Earth science & resource management', '2 Year'),
(3504, 4, 8, 125, 'Eco restoration', '2 Year'),
(3505, 4, 8, 125, 'Ecology & environmental science', '2 Year'),
(3506, 4, 8, 125, 'E ? Commerce& web design', '2 Year'),
(3507, 4, 8, 125, 'Economics', '2 Year'),
(3508, 4, 8, 125, 'Ecotourism', '2 Year'),
(3509, 4, 8, 125, 'e- Learning technology', '2 Year'),
(3510, 4, 8, 125, 'Electro chemistry', '2 Year'),
(3511, 4, 8, 125, 'Electronic media', '2 Year'),
(3512, 4, 8, 125, 'Electronic science', '2 Year'),
(3513, 4, 8, 125, 'Electronics', '2 Year'),
(3514, 4, 8, 125, 'Electronics& communication', '2 Year'),
(3515, 4, 8, 125, 'Electronics and instrumentation', '2 Year'),
(3516, 4, 8, 125, 'Electronics and tale communication', '2 Year'),
(3517, 4, 8, 125, 'Endocrinology', '2 Year'),
(3518, 4, 8, 125, 'Engineering physics', '2 Year'),
(3519, 4, 8, 125, 'Entomology', '2 Year'),
(3520, 4, 8, 125, 'Entomology and apiculture', '2 Year'),
(3521, 4, 8, 125, 'Entrepreneurship', '2 Year'),
(3522, 4, 8, 125, 'Environment and climate change management', '2 Year'),
(3523, 4, 8, 125, 'Environmental biology', '2 Year'),
(3524, 4, 8, 125, 'Environmental bio technology', '2 Year'),
(3525, 4, 8, 125, 'Environmental chemistry', '2 Year'),
(3526, 4, 8, 125, 'Environmental management', '2 Year'),
(3527, 4, 8, 125, 'Environmental microbiology', '2 Year'),
(3528, 4, 8, 125, 'Environmental science', '2 Year'),
(3529, 4, 8, 125, 'Environmental science & technology', '2 Year'),
(3530, 4, 8, 125, 'Epidemiology', '2 Year'),
(3531, 4, 8, 125, 'Extension and communication', '2 Year'),
(3532, 4, 8, 125, 'Extension and education', '2 Year'),
(3533, 4, 8, 125, 'Extension education and communication management', '2 Year'),
(3534, 4, 8, 125, 'Fabric and apparel designing', '2 Year'),
(3535, 4, 8, 125, 'Family and community science die tics and nutrition', '2 Year'),
(3536, 4, 8, 125, 'Family resource management', '2 Year'),
(3537, 4, 8, 125, 'Fashion& textile merchandising', '2 Year'),
(3538, 4, 8, 125, 'Fashion design and technology', '2 Year'),
(3539, 4, 8, 125, 'Fashion designing', '2 Year'),
(3540, 4, 8, 125, 'Fashion technology', '2 Year'),
(3541, 4, 8, 125, 'Fermentation& microbial technology', '2 Year'),
(3542, 4, 8, 125, 'Finance and computer application', '2 Year'),
(3543, 4, 8, 125, 'Financial computing', '2 Year'),
(3544, 4, 8, 125, 'Financial economics and administration', '2 Year'),
(3545, 4, 8, 125, 'Financial mathematics', '2 Year'),
(3546, 4, 8, 125, 'Fleet operations management', '2 Year'),
(3547, 4, 8, 125, 'Floriculture and landscaping', '2 Year'),
(3548, 4, 8, 125, 'Food biotechnology', '2 Year'),
(3549, 4, 8, 125, 'Food nutrition', '2 Year'),
(3550, 4, 8, 125, 'Food processing technology', '2 Year'),
(3551, 4, 8, 125, 'Food science & quality control', '2 Year'),
(3552, 4, 8, 125, 'Food science and nutrition', '2 Year'),
(3553, 4, 8, 125, 'Food science and technology', '2 Year'),
(3554, 4, 8, 125, 'Food service management and dietetics', '2 Year'),
(3555, 4, 8, 125, 'Food technology', '2 Year'),
(3556, 4, 8, 125, 'Food, nutrition & dietetics', '2 Year'),
(3557, 4, 8, 125, 'Forensic science & criminology', '2 Year'),
(3558, 4, 8, 125, 'Forensic sciences', '2 Year'),
(3559, 4, 8, 125, 'Forest products', '2 Year'),
(3560, 4, 8, 125, 'Forest products and utilization', '2 Year'),
(3561, 4, 8, 125, 'Forestry', '2 Year'),
(3562, 4, 8, 125, 'fruir breeding', '2 Year'),
(3563, 4, 8, 125, 'Fruit science', '2 Year'),
(3564, 4, 8, 125, 'Fruits& orchard management', '2 Year'),
(3565, 4, 8, 125, 'Game design and development', '2 Year'),
(3566, 4, 8, 125, 'Gaming', '2 Year'),
(3567, 4, 8, 125, 'Garment manufacturing technology', '2 Year'),
(3568, 4, 8, 125, 'Garment production & export management', '2 Year'),
(3569, 4, 8, 125, 'General bio technology', '2 Year'),
(3570, 4, 8, 125, 'Genetics', '2 Year'),
(3571, 4, 8, 125, 'Genetics and plant breeding', '2 Year'),
(3572, 4, 8, 125, 'Genetics engineering', '2 Year'),
(3573, 4, 8, 125, 'Genomics', '2 Year'),
(3574, 4, 8, 125, 'Genomics and proteomics', '2 Year'),
(3575, 4, 8, 125, 'Geography', '2 Year'),
(3576, 4, 8, 125, 'Geo informatics', '2 Year'),
(3577, 4, 8, 125, 'Geological sciences', '2 Year'),
(3578, 4, 8, 125, 'Geology', '2 Year'),
(3579, 4, 8, 125, 'Geo physics', '2 Year'),
(3580, 4, 8, 125, 'Global warming reduction', '2 Year'),
(3581, 4, 8, 125, 'Green business', '2 Year'),
(3582, 4, 8, 125, 'Green technology', '2 Year'),
(3583, 4, 8, 125, 'M.Sc. food & nutrition', '2 Year'),
(3584, 4, 8, 125, 'Habitat and population studies', '2 Year'),
(3585, 4, 8, 125, 'Hardware & networking', '2 Year'),
(3586, 4, 8, 125, 'Health and yoga therapy', '2 Year'),
(3587, 4, 8, 125, 'Herbal science', '2 Year'),
(3588, 4, 8, 125, 'Home science ? extension education', '2 Year'),
(3589, 4, 8, 125, 'Homological algebra', '2 Year'),
(3590, 4, 8, 125, 'Horticulture', '2 Year'),
(3591, 4, 8, 125, 'Horticulture - fruit production and post-harvest technology', '2 Year'),
(3592, 4, 8, 125, 'Horticulture ? floriculture and landscaping', '2 Year'),
(3593, 4, 8, 125, 'Horticulture ? vegetable science', '2 Year'),
(3594, 4, 8, 125, 'Hospital and health information administration', '2 Year'),
(3595, 4, 8, 125, 'Hospital administration', '2 Year'),
(3596, 4, 8, 125, 'Hospitality & hotel administration', '2 Year'),
(3597, 4, 8, 125, 'Hospitality and tourism studies', '2 Year'),
(3598, 4, 8, 125, 'Hotel & catering management', '2 Year'),
(3599, 4, 8, 125, 'Hotel management', '2 Year'),
(3600, 4, 8, 125, 'Hotel management and tourism', '2 Year'),
(3601, 4, 8, 125, 'Hotel management catering technology and tourism', '2 Year'),
(3602, 4, 8, 125, 'Hotel management, catering & tourism', '2 Year'),
(3603, 4, 8, 125, 'Human consciousness and yogic science', '2 Year'),
(3604, 4, 8, 125, 'Human development', '2 Year'),
(3605, 4, 8, 125, 'Human development and family studies', '2 Year'),
(3606, 4, 8, 125, 'Human development and child welfare', '2 Year'),
(3607, 4, 8, 125, 'Human genetics', '2 Year'),
(3608, 4, 8, 125, 'Human physiology', '2 Year'),
(3609, 4, 8, 125, 'Hydro chemistry', '2 Year'),
(3610, 4, 8, 125, 'Hydrology', '2 Year'),
(3611, 4, 8, 125, 'Immune technology', '2 Year'),
(3612, 4, 8, 125, 'Industrial chemistry', '2 Year'),
(3613, 4, 8, 125, 'Industrial engineering', '2 Year'),
(3614, 4, 8, 125, 'Industrial fisheries', '2 Year'),
(3615, 4, 8, 125, 'Industrial mathematics', '2 Year'),
(3616, 4, 8, 125, 'Industrial micro biology', '2 Year'),
(3617, 4, 8, 125, 'Information and communication technology', '2 Year'),
(3618, 4, 8, 125, 'Information science', '2 Year'),
(3619, 4, 8, 125, 'Information security and cyber forensics', '2 Year'),
(3620, 4, 8, 125, 'Information technology', '2 Year'),
(3621, 4, 8, 125, ' Information technology and management', '2 Year'),
(3622, 4, 8, 125, 'Inorganic chemistry', '2 Year'),
(3623, 4, 8, 125, 'Instrumentation and applied physics', '2 Year'),
(3624, 4, 8, 125, 'Instrumentation technology', '2 Year'),
(3625, 4, 8, 125, 'Insurance business', '2 Year'),
(3626, 4, 8, 125, 'Integrated bio technology', '2 Year'),
(3627, 4, 8, 125, 'Intellectual property rights', '2 Year'),
(3628, 4, 8, 125, 'Interior design', '2 Year'),
(3629, 4, 8, 125, 'Interior design and resource management', '2 Year'),
(3630, 4, 8, 125, 'Life science', '2 Year'),
(3631, 4, 8, 125, 'Limnology & fisheries', '2 Year'),
(3632, 4, 8, 125, 'Livestock production & management', '2 Year'),
(3633, 4, 8, 125, 'Livestock production management', '2 Year'),
(3634, 4, 8, 125, 'Marine biology / aquatic biology and fisheries', '2 Year'),
(3635, 4, 8, 125, 'Marine bio technology', '2 Year'),
(3636, 4, 8, 125, 'Marine geo physics', '2 Year'),
(3637, 4, 8, 125, 'Marine science', '2 Year'),
(3638, 4, 8, 125, 'Mass communication', '2 Year'),
(3639, 4, 8, 125, 'Mass communication and journalism', '2 Year'),
(3640, 4, 8, 125, 'Mass communication, advertising and journalism', '2 Year'),
(3641, 4, 8, 125, 'Master of prosthetics and orthotics ? MPO', '2 Year'),
(3642, 4, 8, 125, 'Materials science', '2 Year'),
(3643, 4, 8, 125, 'Materials science &Nano technology', '2 Year'),
(3644, 4, 8, 125, 'Maternity nursing', '2 Year'),
(3645, 4, 8, 125, 'Mathematical ecology & environment studies', '2 Year'),
(3646, 4, 8, 125, 'Mathematical science', '2 Year'),
(3647, 4, 8, 125, 'Mathematics', '2 Year'),
(3648, 4, 8, 125, 'Mathematics and computing', '2 Year'),
(3649, 4, 8, 125, 'Maths & computer applications', '2 Year'),
(3650, 4, 8, 125, 'Maths & statistics', '2 Year'),
(3651, 4, 8, 125, 'Med.tech.microbiology', '2 Year'),
(3652, 4, 8, 125, 'Med.tech.pathology', '2 Year'),
(3653, 4, 8, 125, 'Media technology', '2 Year'),
(3654, 4, 8, 125, 'Medical bio chemistry', '2 Year'),
(3655, 4, 8, 125, 'Medical bio technology', '2 Year'),
(3656, 4, 8, 125, 'Medical imaging technology', '2 Year'),
(3657, 4, 8, 125, 'Medical lab technology', '2 Year'),
(3658, 4, 8, 125, 'Medical micro biology', '2 Year'),
(3659, 4, 8, 125, 'Medical physics', '2 Year'),
(3660, 4, 8, 125, 'Medical radiation physics', '2 Year'),
(3661, 4, 8, 125, 'Medical technology', '2 Year'),
(3662, 4, 8, 125, 'Medicinal plants', '2 Year'),
(3663, 4, 8, 125, 'Mental health', '2 Year'),
(3664, 4, 8, 125, 'Mental health nursing', '2 Year'),
(3665, 4, 8, 125, 'Meteorology', '2 Year'),
(3666, 4, 8, 125, 'Microbial & food technology', '2 Year'),
(3667, 4, 8, 125, 'Microbial genetics and bio informatics', '2 Year'),
(3668, 4, 8, 125, 'Microbiology', '2 Year'),
(3669, 4, 8, 125, 'Microbiology & immunology', '2 Year'),
(3670, 4, 8, 125, 'Microelectronics and advanced', '2 Year'),
(3671, 4, 8, 125, 'Communication', '2 Year'),
(3672, 4, 8, 125, 'Military science', '2 Year'),
(3673, 4, 8, 125, 'Mineral exploration', '2 Year'),
(3674, 4, 8, 125, 'Molecular biology', '2 Year'),
(3675, 4, 8, 125, 'Molecular biology & bio chemistry', '2 Year'),
(3676, 4, 8, 125, 'Molecular biology &genetic engineering', '2 Year'),
(3677, 4, 8, 125, 'Molecular biology and human genetics', '2 Year'),
(3678, 4, 8, 125, 'Multimedia', '2 Year'),
(3679, 4, 8, 125, 'Multimedia and animation', '2 Year'),
(3680, 4, 8, 125, 'Multimedia technology', '2 Year'),
(3681, 4, 8, 125, 'Museology', '2 Year'),
(3682, 4, 8, 125, 'Mycology & plant pathology', '2 Year'),
(3683, 4, 8, 125, 'Nano sciences and technology', '2 Year'),
(3684, 4, 8, 125, 'Nano technology', '2 Year'),
(3685, 4, 8, 125, 'Natural resource management', '2 Year'),
(3686, 4, 8, 125, 'Nematology', '2 Year'),
(3687, 4, 8, 125, 'Network protocol design', '2 Year'),
(3688, 4, 8, 125, 'Network technology and management', '2 Year'),
(3689, 4, 8, 125, 'Neuroscience', '2 Year'),
(3690, 4, 8, 125, 'Nuclear medicine technology nuclear physics and technology', '2 Year'),
(3691, 4, 8, 125, 'Nursing', '2 Year'),
(3692, 4, 8, 125, 'Nutrition and dietetics', '2 Year'),
(3693, 4, 8, 125, 'Nutrition and food processing', '2 Year'),
(3694, 4, 8, 125, 'OBST. Andgyane nursing', '2 Year'),
(3695, 4, 8, 125, 'Obstetrics and gynaecological nursing', '2 Year'),
(3696, 4, 8, 125, 'Occupational therapy', '2 Year'),
(3697, 4, 8, 125, 'Oceanography', '2 Year'),
(3698, 4, 8, 125, 'Oceanography and coastal area studies', '2 Year'),
(3699, 4, 8, 125, 'Olericulture', '2 Year'),
(3700, 4, 8, 125, 'Operation research & computer applications', '2 Year'),
(3701, 4, 8, 125, 'Operational research', '2 Year'),
(3702, 4, 8, 125, 'Opto electronics', '2 Year'),
(3703, 4, 8, 125, 'Optometry', '2 Year'),
(3704, 4, 8, 125, 'Orthopaedics', '2 Year'),
(3705, 4, 8, 125, 'Osteopathy', '2 Year'),
(3706, 4, 8, 125, 'Paediatric nursing', '2 Year'),
(3707, 4, 8, 125, 'Petroleum geology', '2 Year'),
(3708, 4, 8, 125, 'Petroleum technology', '2 Year'),
(3709, 4, 8, 125, 'Pharmaceutical chemistry', '2 Year'),
(3710, 4, 8, 125, 'Pharmacology', '2 Year'),
(3711, 4, 8, 125, 'Pharmacy', '2 Year'),
(3712, 4, 8, 125, 'Photonics', '2 Year'),
(3713, 4, 8, 125, 'Physical oceanography and ocean modelling PO & OM', '2 Year'),
(3714, 4, 8, 125, 'Physical science', '2 Year'),
(3715, 4, 8, 125, 'Physics', '2 Year'),
(3716, 4, 8, 125, 'Physiology', '2 Year'),
(3717, 4, 8, 125, 'Phytomedical science & technology', '2 Year'),
(3718, 4, 8, 125, 'Plant bio chemistry', '2 Year'),
(3719, 4, 8, 125, 'Plant biology & plant bio technology', '2 Year'),
(3720, 4, 8, 125, 'Plant bio technology', '2 Year'),
(3721, 4, 8, 125, 'Plant genetic resource', '2 Year'),
(3722, 4, 8, 125, 'Plant molecular biology', '2 Year'),
(3723, 4, 8, 125, 'Plant molecular biology and bio technology', '2 Year'),
(3724, 4, 8, 125, 'Plant pathology', '2 Year'),
(3725, 4, 8, 125, 'Plant physiology', '2 Year'),
(3726, 4, 8, 125, 'Plant protection', '2 Year'),
(3727, 4, 8, 125, 'Plant science', '2 Year'),
(3728, 4, 8, 125, 'Plantation development', '2 Year'),
(3729, 4, 8, 125, 'Pollution control', '2 Year'),
(3730, 4, 8, 125, 'Polymer chemistry', '2 Year'),
(3731, 4, 8, 125, 'Polymer science and chemical technology', '2 Year'),
(3732, 4, 8, 125, 'Poultry production', '2 Year'),
(3733, 4, 8, 125, 'Production engineering', '2 Year'),
(3734, 4, 8, 125, 'Psychiatric nursing', '2 Year'),
(3735, 4, 8, 125, 'Psychological counselling', '2 Year'),
(3736, 4, 8, 125, 'Psychology', '2 Year'),
(3737, 4, 8, 125, 'Public health', '2 Year'),
(3738, 4, 8, 125, 'Regenerative medicine', '2 Year'),
(3739, 4, 8, 125, 'Remote sensing and GIG', '2 Year'),
(3740, 4, 8, 125, 'Renewable energy', '2 Year'),
(3741, 4, 8, 125, 'Resource management', '2 Year'),
(3742, 4, 8, 125, 'Resource management and consumer service', '2 Year'),
(3743, 4, 8, 125, 'Resource management and design application', '2 Year'),
(3744, 4, 8, 125, 'Respiratory therapy', '2 Year'),
(3745, 4, 8, 125, 'Rural banking & finance management', '2 Year'),
(3746, 4, 8, 125, 'Rural development science', '2 Year'),
(3747, 4, 8, 125, 'Rural health', '2 Year'),
(3748, 4, 8, 125, 'Rural technology', '2 Year'),
(3749, 4, 8, 125, 'Science and technology communication', '2 Year'),
(3750, 4, 8, 125, 'Science communication', '2 Year'),
(3751, 4, 8, 125, 'Seed science & technology', '2 Year'),
(3752, 4, 8, 125, 'Sericulture', '2 Year'),
(3753, 4, 8, 125, 'Service industry management', '2 Year'),
(3754, 4, 8, 125, 'Silviculture', '2 Year'),
(3755, 4, 8, 125, 'Silviculture and agro ? forestry', '2 Year'),
(3756, 4, 8, 125, 'Social work', '2 Year'),
(3757, 4, 8, 125, 'Software engineering', '2 Year'),
(3758, 4, 8, 125, 'Software system', '2 Year'),
(3759, 4, 8, 125, 'Software system and multimedia', '2 Year'),
(3760, 4, 8, 125, 'Soil and water conservation', '2 Year'),
(3761, 4, 8, 125, 'Soil conservation & water management', '2 Year'),
(3762, 4, 8, 125, 'Soil science', '2 Year'),
(3763, 4, 8, 125, 'Soil science and agricultural chemistry', '2 Year'),
(3764, 4, 8, 125, 'Soil science and water management', '2 Year'),
(3765, 4, 8, 125, 'Speech and hearing', '2 Year'),
(3766, 4, 8, 125, 'Speech language pathology', '2 Year'),
(3767, 4, 8, 125, 'Spices& plantation crops', '2 Year'),
(3768, 4, 8, 125, 'Sports science', '2 Year'),
(3769, 4, 8, 125, 'Statistics', '2 Year'),
(3770, 4, 8, 125, 'Statistics actuarial', '2 Year'),
(3771, 4, 8, 125, 'Statistics and computer applications', '2 Year'),
(3772, 4, 8, 125, 'Stem cell & regenerative medicine', '2 Year'),
(3773, 4, 8, 125, 'Stem cell and tissue engineering', '2 Year'),
(3774, 4, 8, 125, 'Sugar technology', '2 Year'),
(3775, 4, 8, 125, 'Sustainable development', '2 Year'),
(3776, 4, 8, 125, 'System administration & networking', '2 Year'),
(3777, 4, 8, 125, 'Tea husbandary& technology', '2 Year'),
(3778, 4, 8, 125, 'Tech.material science and engineering', '2 Year'),
(3779, 4, 8, 125, 'Textile chemistry', '2 Year'),
(3780, 4, 8, 125, 'Textile design', '2 Year'),
(3781, 4, 8, 125, 'Textiles and fashion apparel', '2 Year'),
(3782, 4, 8, 125, 'Total quality management', '2 Year'),
(3783, 4, 8, 125, 'Tourism', '2 Year'),
(3784, 4, 8, 125, 'Tourism and hospitality management', '2 Year'),
(3785, 4, 8, 125, 'Tree improvement', '2 Year'),
(3786, 4, 8, 125, 'Urban and reginal planning', '2 Year'),
(3787, 4, 8, 125, 'Vegetable science', '2 Year'),
(3788, 4, 8, 125, 'Veterinary gynaecology and obstetrics', '2 Year'),
(3789, 4, 8, 125, 'Veterinary medicine', '2 Year'),
(3790, 4, 8, 125, 'Veterinary microbiology', '2 Year'),
(3791, 4, 8, 125, 'Veterinary Parasitology', '2 Year'),
(3792, 4, 8, 125, 'Veterinary Pharmacology& toxicology', '2 Year'),
(3793, 4, 8, 125, 'Veterinary Physiology', '2 Year'),
(3794, 4, 8, 125, 'Veterinary Public health', '2 Year'),
(3795, 4, 8, 125, 'Veterinary Surgery & radiology', '2 Year'),
(3796, 4, 8, 125, 'Veterinary Anatomy & histology', '2 Year'),
(3797, 4, 8, 125, 'Virology and immune technology', '2 Year'),
(3798, 4, 8, 125, 'Visual communication', '2 Year'),
(3799, 4, 8, 125, 'Water management', '2 Year'),
(3800, 4, 8, 125, 'Water resource management', '2 Year'),
(3801, 4, 8, 125, 'Wildlife biology & conservation', '2 Year'),
(3802, 4, 8, 125, 'Wildlife sciences', '2 Year'),
(3803, 4, 8, 125, 'Wood science & technology', '2 Year'),
(3804, 4, 8, 125, 'Yoga', '2 Year'),
(3805, 4, 8, 125, 'Yoga and management', '2 Year'),
(3806, 4, 8, 125, 'Yoga and naturopathy', '2 Year'),
(3807, 4, 8, 125, 'Yogic science and holistic health', '2 Year'),
(3808, 4, 8, 125, 'Zoology', '2 Year'),
(3809, 5, 9, 126, 'Diploma in Accident & Emergency Technology', '1 Year'),
(3810, 5, 9, 126, 'Diploma in Anesthesia Technician', '1 Year'),
(3811, 5, 9, 126, 'Diploma in Anesthesia Technology', '1 Year'),
(3812, 5, 9, 126, 'Diploma in Audio-Metry Technician', '1 Year'),
(3813, 5, 9, 126, 'Diploma in C.S.S.D Technician', '1 Year'),
(3814, 5, 9, 126, 'Diploma in C.S.S.D Technology', '1 Year'),
(3815, 5, 9, 126, 'Diploma in Cell Therapy', '1 Year'),
(3816, 5, 9, 126, 'Diploma in Community Health', '1 Year'),
(3817, 5, 9, 126, 'Diploma in Critical Care Management', '1 Year'),
(3818, 5, 9, 126, 'Diploma in CT scan Technician', '1 Year'),
(3819, 5, 9, 126, 'Diploma in Cvts Technology', '1 Year'),
(3820, 5, 9, 126, 'Diploma in Dental Assistant', '1 Year'),
(3821, 5, 9, 126, 'Diploma in Dental Hygienist', '1 Year'),
(3822, 5, 9, 126, 'Diploma in Dental Lab Technician', '1 Year'),
(3823, 5, 9, 126, 'Diploma in Dental Technician', '1 Year'),
(3824, 5, 9, 126, 'Diploma in E C G Technician', '1 Year'),
(3825, 5, 9, 126, 'Diploma in Eeg&Emg Technology', '1 Year'),
(3826, 5, 9, 126, 'Diploma in Emergency Patient Care Technician', '1 Year'),
(3827, 5, 9, 126, 'Diploma in Eye Technician', '1 Year'),
(3828, 5, 9, 126, 'Diploma in Feg andEmg Technician ', '1 Year'),
(3829, 5, 9, 126, 'Diploma in Female Health Worker', '1 Year'),
(3830, 5, 9, 126, 'Diploma in Female Patient Care', '1 Year'),
(3831, 5, 9, 126, 'Diploma in Female Patient Care Assistant', '1 Year'),
(3832, 5, 9, 126, 'Diploma in First Aid and Patient Care', '1 Year'),
(3833, 5, 9, 126, 'Diploma in General Healthcare & Maternity Assistant', '1 Year'),
(3834, 5, 9, 126, 'Diploma in Health Care Assistant', '1 Year'),
(3835, 5, 9, 126, 'Diploma in Health Care Professional Technician', '1 Year'),
(3836, 5, 9, 126, 'Diploma in Health Inspector', '1 Year'),
(3837, 5, 9, 126, 'Diploma in Hospital & Health Care Management', '1 Year'),
(3838, 5, 9, 126, 'Diploma in Hospital Administration', '1 Year'),
(3839, 5, 9, 126, 'Diploma in Hospital Documentation & Records Management', '1 Year'),
(3840, 5, 9, 126, 'Diploma in Hospital Dressing Techniques', '1 Year'),
(3841, 5, 9, 126, 'Diploma in Hospital Front Office Management', '1 Year'),
(3842, 5, 9, 126, 'Diploma in Hospital Infection Control & Prevention', '1 Year'),
(3843, 5, 9, 126, 'Diploma in Hospital Management', '1 Year'),
(3844, 5, 9, 126, 'Diploma in Hospital Waste Management ', '1 Year'),
(3845, 5, 9, 126, 'Diploma in Icu Technician', '1 Year'),
(3846, 5, 9, 126, 'Diploma in Lab Assistant', '1 Year'),
(3847, 5, 9, 126, 'Diploma in Laparoscopy Assistant', '1 Year'),
(3848, 5, 9, 126, 'Diploma in Medical Equipment Technician', '1 Year'),
(3849, 5, 9, 126, 'Diploma in Medical Equipment Technology', '1 Year'),
(3850, 5, 9, 126, 'Diploma in Medical Lab Technician (Radiology)', '1 Year'),
(3851, 5, 9, 126, 'Diploma in Medical Laboratory Technician', '1 Year'),
(3852, 5, 9, 126, 'Diploma in Medical Record Sciences', '1 Year'),
(3853, 5, 9, 126, 'Diploma in Medical Transcript Technician', '1 Year'),
(3854, 5, 9, 126, 'Diploma in Medical Transcription', '1 Year'),
(3855, 5, 9, 126, 'Diploma in MRI Scan Technician', '1 Year'),
(3856, 5, 9, 126, 'Diploma in MRI Scan Technology', '1 Year'),
(3857, 5, 9, 126, 'Diploma in Multi Purpose Health Worker', '1 Year'),
(3858, 5, 9, 126, 'Diploma in Multipurpose Health Worker', '1 Year'),
(3859, 5, 9, 126, 'Diploma in Operation Theatre Technician', '1 Year'),
(3860, 5, 9, 126, 'Diploma in Operation Theatre Technology', '1 Year'),
(3861, 5, 9, 126, 'Diploma in Ophthalmic Assistance', '1 Year'),
(3862, 5, 9, 126, 'Diploma in Ophthalmic Assistant', '1 Year'),
(3863, 5, 9, 126, 'Diploma in Optometry', '1 Year'),
(3864, 5, 9, 126, 'Diploma in Ortho & Trauma Care Technician', '1 Year'),
(3865, 5, 9, 126, 'Diploma in Panchgavya Therapy', '1 Year'),
(3866, 5, 9, 126, 'Diploma in Patient Care & Development', '1 Year'),
(3867, 5, 9, 126, 'Diploma in Patient Care Administration', '1 Year'),
(3868, 5, 9, 126, 'Diploma in Patient Care Assistant', '1 Year'),
(3869, 5, 9, 126, 'Diploma in Patient Care Management', '1 Year'),
(3870, 5, 9, 126, 'Diploma in Pharmacy Profession & Community Health', '1 Year'),
(3871, 5, 9, 126, 'Diploma in Physician Assistant', '1 Year'),
(3872, 5, 9, 126, 'Diploma in Physiotherapy & Activity Therapy', '1 Year'),
(3873, 5, 9, 126, 'Diploma in physiotherapy Technician', '1 Year'),
(3874, 5, 9, 126, 'Diploma in Radiotherapy Technician', '1 Year'),
(3875, 5, 9, 126, 'Diploma in Sanitary Health Inspector', '1 Year'),
(3876, 5, 9, 126, 'Diploma in Trauma Care & Casualty Technology', '1 Year'),
(3877, 5, 9, 126, 'Diploma in Ultra Solography Technician', '1 Year'),
(3878, 5, 9, 126, 'Diploma in Vision Care Technician', '1 Year'),
(3879, 5, 9, 126, 'Diploma in X-Ray & Imaging Technology', '1 Year'),
(3880, 5, 9, 126, 'Diploma in X-Ray Technician', '1 Year'),
(3881, 5, 9, 126, 'Diploma in X-Ray Technology', '1 Year'),
(3882, 5, 9, 126, 'Certificate in Diabetology', '1 Year'),
(3883, 5, 9, 126, 'Certificate in Ophthalmic Assistant', '1 Year'),
(3884, 5, 9, 126, 'Certificate in Radiology Technician', '1 Year'),
(3885, 5, 9, 126, 'Certificate in Dialysis Technology', '1 Year'),
(3886, 5, 9, 126, 'Certificate in Patient Care', '1 Year'),
(3887, 5, 9, 126, 'Certificate in Dietician', '1 Year'),
(3888, 5, 9, 126, 'Certificate in Emergency Medical Service', '1 Year'),
(3889, 5, 9, 126, 'Certificate in Awareness of Hiv& Aids', '1 Year'),
(3890, 5, 9, 126, 'Certificate in Blood Bank Assistant', '1 Year'),
(3891, 5, 9, 126, 'Certificate in Hospital House Keeping', '1 Year'),
(3892, 5, 9, 126, 'Certificate in Old Age Care', '1 Year'),
(3893, 5, 9, 126, 'Certificate in Female Patient Care Assistant', '1 Year'),
(3894, 5, 9, 126, 'Certificate in Patient Care & Development', '1 Year'),
(3895, 5, 9, 126, 'Certificate in Anti-Malaria Training', '1 Year'),
(3896, 5, 9, 126, 'Certificate in Dispensing Optician', '1 Year'),
(3897, 5, 9, 126, 'Certificate course In Diet & Nutrition ', '1 Year'),
(3898, 5, 9, 126, 'Certificate in Hospital Assistant & Technician', '1 Year'),
(3899, 5, 9, 127, 'Diploma in Acupuncture & Ayurveda', '1 Year'),
(3900, 5, 9, 127, 'Diploma in Acupuncture & Naturopathy', '1 Year'),
(3901, 5, 9, 127, 'Diploma in Acupuncture & Homeopathy', '1 Year'),
(3902, 5, 9, 127, 'Diploma in Acupuncture & Siddha ', '1 Year'),
(3903, 5, 9, 127, 'Diploma in Acupuncture', '1 Year'),
(3904, 5, 9, 127, 'Diploma in Physiotherapy and Acupressure', '1 Year'),
(3905, 5, 9, 127, 'Diploma in Acupuncture & Traditional Pulse Diagnosing', '1 Year'),
(3906, 5, 9, 127, 'Diploma in Acupuncture & Psychology', '1 Year'),
(3907, 5, 9, 127, 'Diploma in Acupuncture Therapy', '1 Year'),
(3908, 5, 9, 127, 'Diploma in Acupuncture &Varma', '1 Year'),
(3909, 5, 9, 127, 'Diploma in Acupuncture Healing Techniques', '1 Year'),
(3910, 5, 9, 127, 'Diploma in Acupuncture andVarma', '1 Year'),
(3911, 5, 9, 127, 'Diploma in Integrative Alternative Therapies', '1 Year'),
(3912, 5, 9, 127, 'Diploma in Traditional Acupuncture andSujok Acupuncture', '1 Year'),
(3913, 5, 9, 127, 'Diploma in Acupuncture & Yoga', '1 Year'),
(3914, 5, 9, 127, 'Diploma in Acupuncture', '1 Year'),
(3915, 5, 9, 127, 'Diploma in Acupuncture Therapy', '1 Year'),
(3916, 5, 9, 127, 'Diploma in Acupressure', '1 Year'),
(3917, 5, 9, 127, 'Diploma in Homeopuncture', '1 Year'),
(3918, 5, 9, 127, 'Diploma in Guasa Therapy & Art of Foot Neurological Therapy', '1 Year'),
(3919, 5, 9, 127, 'Diploma in Reflexology and Acu Touch', '1 Year'),
(3920, 5, 9, 127, 'Certificate in Reflexology and Acupressure', '1 Year'),
(3921, 5, 9, 127, 'Certificate in Shiatszu massage and Aromatherapy', '1 Year'),
(3922, 5, 9, 127, 'Certificate in Iridology and Acupressure', '1 Year'),
(3923, 5, 9, 127, 'Certificate in Fengshui and Acuouncture', '1 Year'),
(3924, 5, 9, 127, 'Certificate in Scalp Acupuncture', '1 Year'),
(3925, 5, 9, 127, 'Certificate in Stress Management by Acupuncture', '1 Year'),
(3926, 5, 9, 127, 'Certificate in De-Addiction by Acupuncture', '1 Year'),
(3927, 5, 9, 127, 'Certificate in Alcohol De-Addiction by Acupuncture & Flower Medicine', '1 Year'),
(3928, 5, 9, 127, 'Certificate in Holography and Acupuncture ', '1 Year'),
(3929, 5, 9, 127, 'Certificate in Acupuncture Management', '1 Year'),
(3930, 5, 9, 127, 'Certificate in Acu Yoga Therapy', '1 Year'),
(3931, 5, 9, 127, 'Certificate in Acupuncture Management', '1 Year'),
(3932, 5, 9, 128, 'Diploma in Physiotherapy &Ayuveda', '1 Year'),
(3933, 5, 9, 128, 'Diploma in Ayurveda Medical Science ', '1 Year'),
(3934, 5, 9, 128, 'Diploma in Ayurveda Nursing & Pharmacy', '1 Year'),
(3935, 5, 9, 128, 'Diploma in Panchakarma& Massage Therapy', '1 Year'),
(3936, 5, 9, 128, 'Diploma in Ayurveda Nursing', '1 Year'),
(3937, 5, 9, 128, 'Diploma in Ayurvedic Beauty Care', '1 Year'),
(3938, 5, 9, 128, 'Diploma in Ayurveda massage &Panchakarma Therapy', '1 Year'),
(3939, 5, 9, 128, 'Diploma in Ayurveda, Panchakarma, Nursing & Yoga', '1 Year'),
(3940, 5, 9, 128, 'Diploma in Ayurveda, Panchakarma& Nursing', '1 Year'),
(3941, 5, 9, 128, 'Diploma in Panchakarma', '1 Year'),
(3942, 5, 9, 128, 'Diploma in Kalariuzhichil', '1 Year'),
(3943, 5, 9, 128, 'Diploma in Maseur&Panchakarma', '1 Year'),
(3944, 5, 9, 128, 'Diploma in Ayurveda Pharmacy', '1 Year'),
(3945, 5, 9, 128, 'Diploma in Masseura', '1 Year'),
(3946, 5, 9, 128, 'Diploma in Varma& Massage Science', '1 Year'),
(3947, 5, 9, 128, 'Diploma in Ayurveda Medical Science', '1 Year'),
(3948, 5, 9, 128, 'Diploma in Panchakarma& Massage Therapy', '1 Year'),
(3949, 5, 9, 128, 'Diploma in Ayurveda &Panchakarma', '1 Year'),
(3950, 5, 9, 128, 'Diploma in Ayurveda Massage & Treatment', '1 Year'),
(3951, 5, 9, 128, 'Diploma in Ayurveda Medicine Science', '1 Year'),
(3952, 5, 9, 128, 'Diploma in Alternative System of Medicine', '1 Year'),
(3953, 5, 9, 128, 'Diploma in Wellness Therapy & Management', '1 Year'),
(3954, 5, 9, 128, 'Diploma in Panchakarma', '1 Year'),
(3955, 5, 9, 128, 'Diploma in Siddha Dietotherapy', '1 Year'),
(3956, 5, 9, 128, 'Diploma in AyurvedicGinecology& Obstetrics', '1 Year'),
(3957, 5, 9, 128, 'Diploma in Ayurvedic General Medicine', '1 Year'),
(3958, 5, 9, 128, 'Diploma in Ayurvedic Cosmetology', '1 Year'),
(3959, 5, 9, 128, 'Diploma in Panchakarma', '1 Year'),
(3960, 5, 9, 128, 'Diploma in Varmaniam Massage Therapy', '1 Year'),
(3961, 5, 9, 128, 'Diploma in Ayurvedic Child Health', '1 Year'),
(3962, 5, 9, 128, 'Diploma in Ayurvedic Clinical Pathology', '1 Year'),
(3963, 5, 9, 128, 'Diploma in Ayurvedic Beauty Therapies & Ayurveda ', '1 Year'),
(3964, 5, 9, 128, 'Diploma in Ayurveda', '1 Year'),
(3965, 5, 9, 128, 'Diploma in Ayurveda, Panchakarma& Nursing', '1 Year'),
(3966, 5, 9, 128, 'Diploma in Beauty and Spa Therapies', '1 Year'),
(3967, 5, 9, 128, 'Certificate in Diabetic Care & Diet By Ayurveda', '1 Year'),
(3968, 5, 9, 128, 'Certificate in Ayurvedic Beauty Care', '1 Year'),
(3969, 5, 9, 128, 'Certificate in Ayurveda Nursing &Panchakarma Therapy', '1 Year'),
(3970, 5, 9, 128, 'Certificate in Ayurveda Nursing & Pharmacy', '1 Year'),
(3971, 5, 9, 128, 'Certificate in Ayurveda &Panchakarma', '1 Year'),
(3972, 5, 9, 129, 'Diploma in Naturopathy & Yogic Science', '1 Year'),
(3973, 5, 9, 129, 'Diploma in Yoga & Massage', '1 Year'),
(3974, 5, 9, 129, 'Diploma in Yoga and Naturopathy', '1 Year'),
(3975, 5, 9, 129, 'Diploma in Varma and Yoga', '1 Year'),
(3976, 5, 9, 129, 'Diploma in Naturopathy', '1 Year'),
(3977, 5, 9, 129, 'Diploma in Herbal Drug Manufacturing', '1 Year'),
(3978, 5, 9, 129, 'Diploma in Yoga', '1 Year'),
(3979, 5, 9, 129, 'Diploma in Body Building (Health) Fitness, And Nutrition', '1 Year'),
(3980, 5, 9, 129, 'Diploma in Yoga &Naturopatic Science', '1 Year'),
(3981, 5, 9, 129, 'Diploma in Yoga & Acupuncture', '1 Year'),
(3982, 5, 9, 129, 'Diploma in Yoga & Nature Care', '1 Year'),
(3983, 5, 9, 129, 'Diploma in Holistic Therapy', '1 Year'),
(3984, 5, 9, 129, 'Diploma in Integrative Alternative Therapies ', '1 Year'),
(3985, 5, 9, 129, 'Diploma in Yoga & Naturopathy Science', '1 Year'),
(3986, 5, 9, 129, 'Diploma in Drug Store Management', '1 Year'),
(3987, 5, 9, 129, 'Diploma in Naturopathy & Yogic Science', '1 Year'),
(3988, 5, 9, 129, 'Diploma in Yoga Teacher Education', '1 Year'),
(3989, 5, 9, 129, 'Diploma in Yoga & Naturopathy Science', '1 Year'),
(3990, 5, 9, 129, 'Diploma in Electropathy Medicine', '1 Year'),
(3991, 5, 9, 129, 'Diploma in Energy Healing & Training', '1 Year'),
(3992, 5, 9, 129, 'Diploma in Hypnotherapy', '1 Year'),
(3993, 5, 9, 129, 'Diploma in Quantum Magnetic Health Analyser& Health Advisor', '1 Year'),
(3994, 5, 9, 129, 'Diploma in Magnetic Bio Health Analyzer', '1 Year'),
(3995, 5, 9, 129, 'Diploma in Bio-Plasmic Modulation Therapy', '1 Year'),
(3996, 5, 9, 129, 'Diploma in Cupping Therapy', '1 Year'),
(3997, 5, 9, 129, 'Certificate in Practical Yoga ', '1 Year'),
(3998, 5, 9, 129, 'Certificate in Nature Cure', '1 Year'),
(3999, 5, 9, 129, 'Certificate in Yogic Science', '1 Year'),
(4000, 5, 9, 129, 'Certificate inPranic Healing and Yoga', '1 Year'),
(4001, 5, 9, 129, 'Certificate in Water Therapy and Natural Diet', '1 Year'),
(4002, 5, 9, 129, 'Certificate in Gem Therapy and Yoga', '1 Year'),
(4003, 5, 9, 129, 'Certificate in Chakras and Natural Science', '1 Year'),
(4004, 5, 9, 129, 'Certificate in Metabolism & Nutrition by Natural Diet', '1 Year'),
(4005, 5, 9, 129, 'Certificate in Energy Therapy and Yoga', '1 Year'),
(4006, 5, 9, 129, 'Certificate in Herbs & Natural Diet', '1 Year'),
(4007, 5, 9, 129, 'Certificate in Breathing Techniques by Yoga', '1 Year'),
(4008, 5, 9, 129, 'Certificate in VastuShastra and Nature science', '1 Year'),
(4009, 5, 9, 129, 'Certificate in Fasting and Naturopathy', '1 Year'),
(4010, 5, 9, 129, 'Certificate in Hydro Therapy and Yoga', '1 Year'),
(4011, 5, 9, 129, 'Certificate in Pillars of Health and Natural Science', '1 Year'),
(4012, 5, 9, 130, 'Diploma in Homoeopathy & Naturopathy', '1 Year'),
(4013, 5, 9, 130, 'Diploma in Bio-Chemic & Flower Medicine', '1 Year'),
(4014, 5, 9, 130, 'Diploma in Homoeopathy Nursing', '1 Year'),
(4015, 5, 9, 130, 'Diploma in Homoeopathy Pharmacy Assistant', '1 Year'),
(4016, 5, 9, 130, 'Diploma in Homoeopathy Medicine Science', '1 Year'),
(4017, 5, 9, 130, 'Diploma in Homoeopathy ', '1 Year'),
(4018, 5, 9, 130, 'Diploma in Homoeo& Flower Remedies', '1 Year'),
(4019, 5, 9, 130, 'Diploma in Hemoepathy& Flower Remedies', '1 Year'),
(4020, 5, 9, 130, 'Diploma in Psychological Counseling with Flower Remedies', '1 Year'),
(4021, 5, 9, 130, 'Diploma in Electropathy Medical Science', '1 Year'),
(4022, 5, 9, 130, 'Diploma in Homaeopathic Pharmacy', '1 Year'),
(4023, 5, 9, 131, 'Diploma in Traditional Medicine', '1 Year'),
(4024, 5, 9, 131, 'Diploma in Traditional Siddha', '1 Year'),
(4025, 5, 9, 131, 'Diploma in Siddha & Ayurveda', '1 Year'),
(4026, 5, 9, 131, 'Diploma in Herbal Medicines', '1 Year'),
(4027, 5, 9, 131, 'Diploma in Siddha Medicine & Science', '1 Year'),
(4028, 5, 9, 131, 'Diploma in Siddha ', '1 Year'),
(4029, 5, 9, 131, 'Diploma in Traditional Health Science', '1 Year'),
(4030, 5, 9, 131, 'Diploma in SiddhaDietotherapy', '1 Year'),
(4031, 5, 9, 131, 'Diploma in Herbal Siddha Medicine', '1 Year'),
(4032, 5, 9, 131, 'Diploma in Bio Electro Magnetism & Herbal Remedies', '1 Year'),
(4033, 5, 9, 131, 'Diploma in Electro Magnetism & Herbal Remedies', '1 Year'),
(4034, 5, 9, 131, 'Diploma in VarmaKalai and Thokkanam', '1 Year'),
(4035, 5, 9, 131, 'Diploma in Siddha Medicine and Varma', '1 Year'),
(4036, 5, 9, 131, 'Certificate in Siddha Food Production', '1 Year'),
(4037, 5, 9, 131, 'Certificate in Skin Care in Siddha', '1 Year'),
(4038, 5, 9, 131, 'Certificate in Hair Fall Management By Herbals', '1 Year'),
(4039, 5, 9, 131, 'Certificate in Infertility Treating By Herbology', '1 Year'),
(4040, 5, 9, 131, 'Certificate Course in Siddha Nursing Assistant', '1 Year'),
(4041, 5, 9, 132, 'Diploma inUnani& Acupuncture ', '1 Year'),
(4042, 5, 9, 132, 'Diploma in Unani for Chronic Ailments', '1 Year'),
(4043, 5, 9, 132, 'Diploma inUnani for Kidney Diseases', '1 Year'),
(4044, 5, 9, 132, 'Diploma inUnani', '1 Year'),
(4045, 5, 9, 132, 'Diploma in Unani Pharmacy', '1 Year'),
(4046, 5, 9, 132, 'Diploma in Unani Medicine', '1 Year'),
(4047, 5, 9, 132, 'Diploma in Hijama Therapy', '1 Year'),
(4048, 5, 9, 132, 'Certificate of Basic Unani', '1 Year'),
(4049, 5, 9, 132, 'Certificate of Advance Unani', '1 Year'),
(4050, 5, 9, 132, 'Certificate of Unani Sexual Medicine', '1 Year'),
(4051, 5, 9, 133, 'Diploma in Visual Impairment', '1 Year'),
(4052, 5, 9, 133, 'Diploma in Special Education (Deaf Blindness)', '1 Year'),
(4053, 5, 9, 133, 'Diploma in Hearing Impairment', '1 Year'),
(4054, 5, 9, 133, 'Diploma in Indian Sign Language Interpreting', '1 Year'),
(4055, 5, 9, 133, 'Diploma in Mental Retardation', '1 Year'),
(4056, 5, 9, 133, 'Diploma in Early Childhood Special Education', '1 Year'),
(4057, 5, 9, 133, 'Diploma in Learning Disability', '1 Year'),
(4058, 5, 9, 133, 'Diploma in prosthetic and Orthotics', '1 Year'),
(4059, 5, 9, 133, 'Diploma in Ear Mould Technology', '1 Year'),
(4060, 5, 9, 133, 'Diploma in Community Based Rehabilitation', '1 Year'),
(4061, 5, 9, 133, 'Diploma in Rehabilitation Psychology', '1 Year'),
(4062, 5, 9, 133, 'Diploma Audiology & Speech-Language Pathology', '1 Year'),
(4063, 5, 9, 133, 'Diploma in Audiology & Speech- Language Pathology', '1 Year'),
(4064, 5, 9, 133, 'Diploma in Hearing Language and Speech', '1 Year'),
(4065, 5, 9, 133, 'Diploma in Locomotor and Neurological Disorder Education', '1 Year'),
(4066, 5, 9, 133, 'Diploma in Rehabilitation Therapy', '1 Year'),
(4067, 5, 9, 133, 'Diploma in Rehabilitation Science', '1 Year'),
(4068, 5, 9, 133, 'Diploma in Psychological Guidance & Counselling ', '1 Year'),
(4069, 5, 9, 133, 'Diploma in Medical Psychology', '1 Year'),
(4070, 5, 9, 133, 'Diploma in Guidance and Counselling', '1 Year'),
(4071, 5, 9, 134, 'Diploma in Livestock Technician', '1 Year'),
(4072, 5, 9, 134, 'Diploma in Veterinary Laboratory Technician', '1 Year'),
(4073, 5, 9, 134, 'Diploma in Livestock Dairy Supervisor', '1 Year'),
(4074, 5, 9, 134, 'Diploma in Veterinary Pharmacy', '1 Year'),
(4075, 5, 9, 134, 'Diploma in Veterinary Inspector', '1 Year'),
(4076, 5, 9, 134, 'Diploma in Livestock Inspector', '1 Year'),
(4077, 5, 10, 135, 'B. Pharma-Alternative Medicine', '(4?years)'),
(4078, 5, 10, 135, 'B.M.L.T./ B.R.I.T / B. Ophthalmic', '(4?years)'),
(4079, 5, 10, 135, 'G.D.P.T- Graduate Diploma in Physiotherapy', ' (4?years)'),
(4080, 5, 10, 135, 'B.Sc.-Beach Flower Remedy/Acupuncture/ Acupressure/ Magneto Therapy', '(3Years)'),
(4081, 5, 10, 135, 'B.Sc.- Nursing', ' (3?Years)'),
(4082, 5, 10, 135, 'Bachelor in Physician Assistant ', '(3years)'),
(4083, 5, 10, 135, 'Bachelor in Beauty & Health Toning Treatment', ' (3years)'),
(4084, 5, 10, 135, 'Bachelor in Bio-Medical Science', ' (3years)'),
(4085, 5, 10, 135, 'Bachelor in Dietician', '(3years)'),
(4086, 5, 10, 135, 'Bachelor in Herbal Medicine Treatment', '(3years)'),
(4087, 5, 10, 135, 'Bachelor in Hospital Management', '(3years)'),
(4088, 5, 10, 135, 'Bachelor in Medical Record Science', '(3years)'),
(4089, 6, 11, 136, 'Diploma in aviation and hospitality management', '1 Year'),
(4090, 6, 11, 136, 'Diploma in bio technology management', '1 Year'),
(4091, 6, 11, 136, 'Diploma in brand management', '1 Year'),
(4092, 6, 11, 136, 'Diploma in business administration', '1 Year'),
(4093, 6, 11, 136, 'Diploma in Business management', '1 Year'),
(4094, 6, 11, 136, 'Diploma in Construction management', '1 Year'),
(4095, 6, 11, 136, 'Diploma in Fire and security management', '1 Year'),
(4096, 6, 11, 136, 'Diploma in Fire safety and hazards management', '1 Year'),
(4097, 6, 11, 136, 'Diploma in Food and nutrition management', '1 Year'),
(4098, 6, 11, 136, 'Diploma in Food processing and preservation', '1 Year'),
(4099, 6, 11, 136, 'Diploma in Hotel and catering management', '1 Year'),
(4100, 6, 11, 136, 'Diploma in Human resource management', '1 Year'),
(4101, 6, 11, 136, 'Diploma in Industrial safety and security management', '1 Year'),
(4102, 6, 11, 136, 'Diploma in Logistics and shipping', '1 Year'),
(4103, 6, 11, 136, 'Diploma in marketing management', '1 Year'),
(4104, 6, 11, 136, 'Diploma in Materials management', '1 Year'),
(4105, 6, 11, 136, 'Diploma in Media management', '1 Year'),
(4106, 6, 11, 136, 'Diploma in Production management', '1 Year'),
(4107, 6, 11, 136, 'Diploma in Project management', '1 Year'),
(4108, 6, 11, 136, 'Diploma in Retail management', '1 Year'),
(4109, 6, 11, 136, 'Diploma in Risk and safety management', '1 Year'),
(4110, 6, 11, 136, 'Diploma in Software management', '1 Year'),
(4111, 6, 11, 136, 'Diploma in Supply chain management', '1 Year'),
(4112, 6, 11, 136, 'Diploma in Textile management', '1 Year'),
(4113, 6, 11, 136, 'Diploma in Banking and insurance', '1 Year'),
(4114, 6, 11, 136, 'Diploma in Banking law and practice', '1 Year'),
(4115, 6, 11, 136, 'Diploma in Event management', '1 Year'),
(4116, 6, 11, 136, 'Diploma in Export management', '1 Year'),
(4117, 6, 11, 136, 'Diploma in Foreign trade', '1 Year'),
(4118, 6, 11, 136, 'Diploma in Hospitality management', '1 Year'),
(4119, 6, 11, 136, 'Diploma in Insurance and risk management', '1 Year'),
(4120, 6, 11, 136, 'Diploma in International business', '1 Year'),
(4121, 6, 11, 136, 'Diploma in Investment management', '1 Year'),
(4122, 6, 11, 136, 'Diploma in Logistic management', '1 Year');
INSERT INTO `jiier_paper` (`id`, `program_id`, `degree_id`, `degree_type_id`, `paper_name`, `year`) VALUES
(4123, 6, 11, 136, 'Diploma in Marketing, advertiseing&public relation', '1 Year'),
(4124, 6, 11, 136, 'Diploma in Office management and secretarial practices office organization and management', '1 Year'),
(4125, 6, 11, 136, 'Diploma in Pharmaceutical business management', '1 Year'),
(4126, 6, 11, 136, 'Diploma courses in insurance management', '1 Year'),
(4127, 6, 11, 136, 'Diploma in tourism and hotel management', '1 Year'),
(4128, 6, 11, 136, 'Diploma in Global trade management', '1 Year'),
(4129, 6, 11, 136, 'Diploma in Hotel house keeping', '1 Year'),
(4130, 6, 11, 136, 'Diploma in Security and intelligence management', '1 Year'),
(4131, 6, 11, 136, 'Diploma in Accommodation management', '1 Year'),
(4132, 6, 11, 136, 'Diploma in Accommodation operations & services (housekeeping)', '1 Year'),
(4133, 6, 11, 136, 'Diploma in accounting management', '1 Year'),
(4134, 6, 11, 136, 'Diploma in Agri business management', '1 Year'),
(4135, 6, 11, 136, 'Diploma in Airline ticketing and travel agency management', '1 Year'),
(4136, 6, 11, 136, 'Diploma in Bar and beverage management', '1 Year'),
(4137, 6, 11, 136, 'Diploma in Business organization & management', '1 Year'),
(4138, 6, 11, 136, 'Diploma in Business process out sourcing', '1 Year'),
(4139, 6, 11, 136, 'Diploma in Cabin crew and hospitality management', '1 Year'),
(4140, 6, 11, 136, 'Diploma in catering science and hotel management', '1 Year'),
(4141, 6, 11, 136, 'Diploma in Commercial practice', '1 Year'),
(4142, 6, 11, 136, 'Diploma in Commodities market', '1 Year'),
(4143, 6, 11, 136, 'Diploma in Communication skill & personality development', '1 Year'),
(4144, 6, 11, 136, 'Diploma in Computer management', '1 Year'),
(4145, 6, 11, 136, 'Diploma in Customer relationship and management', '1 Year'),
(4146, 6, 11, 136, 'Diploma in Drug store management', '1 Year'),
(4147, 6, 11, 136, 'Diploma in e- business', '1 Year'),
(4148, 6, 11, 136, 'Diploma in Energy management', '1 Year'),
(4149, 6, 11, 136, 'Diploma in entrepreneurship and management', '1 Year'),
(4150, 6, 11, 136, 'Diploma in Event management', '1 Year'),
(4151, 6, 11, 136, 'Diploma in Event management and PR', '1 Year'),
(4152, 6, 11, 136, 'Diploma in Export and import management', '1 Year'),
(4153, 6, 11, 136, 'Diploma in Export management', '1 Year'),
(4154, 6, 11, 136, 'Diploma in Export marketing', '1 Year'),
(4155, 6, 11, 136, 'Diploma in Financial management', '1 Year'),
(4156, 6, 11, 136, 'Diploma in Fire and safety management', '1 Year'),
(4157, 6, 11, 136, 'Diploma in Fire fighting and industrial security', '1 Year'),
(4158, 6, 11, 136, 'Diploma in Food and beverage management', '1 Year'),
(4159, 6, 11, 136, 'Diploma in Food preparation and culinary art', '1 Year'),
(4160, 6, 11, 136, 'Diploma in food production & culinary arts', '1 Year'),
(4161, 6, 11, 136, 'Diploma in Foodproduction, bakery& confectionery', '1 Year'),
(4162, 6, 11, 136, 'Diploma in Foreign trade management', '1 Year'),
(4163, 6, 11, 136, 'Diploma in Health and hospital management', '1 Year'),
(4164, 6, 11, 136, 'HoDiploma in me management', '1 Year'),
(4165, 6, 11, 136, 'Diploma in Hospital administration', '1 Year'),
(4166, 6, 11, 136, 'Diploma in Hospital management', '1 Year'),
(4167, 6, 11, 136, 'Diploma in Home management', '1 Year'),
(4168, 6, 11, 136, 'Diploma in Hospitality', '1 Year'),
(4169, 6, 11, 136, 'Diploma in Hotel and culinary arts', '1 Year'),
(4170, 6, 11, 136, 'Diploma in Hotel front office operation', '1 Year'),
(4171, 6, 11, 136, 'Diploma in Hotel management', '1 Year'),
(4172, 6, 11, 136, 'Diploma in Diploma in Hotel management and catering technology', '1 Year'),
(4173, 6, 11, 136, 'Diploma in Hotelmanagement, catering & nutrition', '1 Year'),
(4174, 6, 11, 136, 'Diploma in Hotel management catering and tourism', '1 Year'),
(4175, 6, 11, 136, 'Diploma in Human resource development', '1 Year'),
(4176, 6, 11, 136, 'Diploma in Human resource management', '1 Year'),
(4177, 6, 11, 136, 'Diploma in Industrial relations and personal management', '1 Year'),
(4178, 6, 11, 136, 'Diploma in Insurance and risk management', '1 Year'),
(4179, 6, 11, 136, 'Diploma in Insurance management', '1 Year'),
(4180, 6, 11, 136, 'Diploma in Management', '1 Year'),
(4181, 6, 11, 136, 'Diploma in Management information technology', '1 Year'),
(4182, 6, 11, 136, 'Diploma in Management education', '1 Year'),
(4183, 6, 11, 136, 'Diploma in marketingadvertising& public relations', '1 Year'),
(4184, 6, 11, 136, 'Diploma in Modern office management', '1 Year'),
(4185, 6, 11, 136, 'Diploma in Modern office management and secretarial practice', '1 Year'),
(4186, 6, 11, 136, 'Diploma in Multi-modeltransport (containerization) and logistics management', '1 Year'),
(4187, 6, 11, 136, 'Diploma in Technology and orchard management', '1 Year'),
(4188, 6, 11, 136, 'Diploma in Office administration', '1 Year'),
(4189, 6, 11, 136, 'Diploma in Office management', '1 Year'),
(4190, 6, 11, 136, 'Diploma in Office management and secretarial practices', '1 Year'),
(4191, 6, 11, 136, 'Diploma in Office organization and management', '1 Year'),
(4192, 6, 11, 136, 'Diploma in Patisserie(bakery& confectionery)', '1 Year'),
(4193, 6, 11, 136, 'Diploma in Personality development and soft skills', '1 Year'),
(4194, 6, 11, 136, 'Diploma in Quality control and ISO 9000(ISO 9001:9004)', '1 Year'),
(4195, 6, 11, 136, 'Diploma in Rail transport and management', '1 Year'),
(4196, 6, 11, 136, 'Diploma in Reception operations & services(front office)', '1 Year'),
(4197, 6, 11, 136, 'Diploma in Restaurant service management', '1 Year'),
(4198, 6, 11, 136, 'Diploma in Retail management', '1 Year'),
(4199, 6, 11, 136, 'Diploma in Rooms division management', '1 Year'),
(4200, 6, 11, 136, 'Diploma in Rural entrepreneurship', '1 Year'),
(4201, 6, 11, 136, 'Diploma in Sales and marketing management', '1 Year'),
(4202, 6, 11, 136, 'Diploma in Software management (DTFM)', '1 Year'),
(4203, 6, 11, 136, 'Diploma in Transport economics and management', '1 Year'),
(4204, 6, 11, 136, 'Diploma in Wine studies', '1 Year'),
(4205, 6, 11, 136, 'PGD in Renewable energy', '1 Year'),
(4206, 6, 11, 136, 'PGD in Business management', '1 Year'),
(4207, 6, 11, 136, 'PGD in Airport management', '1 Year'),
(4208, 6, 11, 136, 'PGD in Hotel and catering management', '1 Year'),
(4209, 6, 11, 136, 'PGD in Business administration (industry integrated)', '1 Year'),
(4210, 6, 11, 136, 'PGD in Disaster management', '1 Year'),
(4211, 6, 11, 136, 'PGD in (banking, insurance & financial services)', '1 Year'),
(4212, 6, 11, 136, 'PGD in Business entrepreneurship', '1 Year'),
(4213, 6, 11, 136, 'PGD in Development studies', '1 Year'),
(4214, 6, 11, 136, 'PGD in Health care', '1 Year'),
(4215, 6, 11, 136, 'PGD in Services management', '1 Year'),
(4216, 6, 11, 136, 'PGD in Tea management', '1 Year'),
(4217, 6, 11, 136, 'PGD in Travel management', '1 Year'),
(4218, 6, 11, 136, 'PGD in Business management', '1 Year'),
(4219, 6, 11, 136, 'PGD in Hospital and health management', '1 Year'),
(4220, 6, 11, 136, 'PGD in Financial services', '1 Year'),
(4221, 6, 11, 136, 'PGD in Global business operation', '1 Year'),
(4222, 6, 11, 136, 'PGD in Security and intelligence management', '1 Year'),
(4223, 6, 11, 136, 'PGD in Accommodation operations & management', '1 Year'),
(4224, 6, 11, 136, 'PGD in Advertising & event management', '1 Year'),
(4225, 6, 11, 136, 'PGD in Advertising, marketing and sales management', '1 Year'),
(4226, 6, 11, 136, 'PGD in Advertising, media and event management', '1 Year'),
(4227, 6, 11, 136, 'PGD in Agri business management', '1 Year'),
(4228, 6, 11, 136, 'PGD in Airline ticketing and hospitality management', '1 Year'),
(4229, 6, 11, 136, 'PGD in Apparel production and merchandising management', '1 Year'),
(4230, 6, 11, 136, 'PGD in Bakery science and technology', '1 Year'),
(4231, 6, 11, 136, 'PGD in Business analytics (PGDPA)', '1 Year'),
(4232, 6, 11, 136, 'PGD in Business administration', '1 Year'),
(4233, 6, 11, 136, 'PGD in Business communication', '1 Year'),
(4234, 6, 11, 136, 'PGD in Business finance', '1 Year'),
(4235, 6, 11, 136, 'PGD in Business finance & investment studies', '1 Year'),
(4236, 6, 11, 136, 'PGD in Business management (hotel management)', '1 Year'),
(4237, 6, 11, 136, 'PGD in Business management ? (PGDBM)', '1 Year'),
(4238, 6, 11, 136, 'PGD in Business Statistics &Computer Applications', '1 Year'),
(4239, 6, 11, 136, 'PGD in Capital market management', '1 Year'),
(4240, 6, 11, 136, 'PGD in Chef?s management', '1 Year'),
(4241, 6, 11, 136, 'PGD in Clinical data management', '1 Year'),
(4242, 6, 11, 136, 'PGD in Coastal zone management', '1 Year'),
(4243, 6, 11, 136, 'PGD in Computer aided management', '1 Year'),
(4244, 6, 11, 136, 'PGD in Computer management', '1 Year'),
(4245, 6, 11, 136, 'PGD in Cooperative management', '1 Year'),
(4246, 6, 11, 136, 'PGD in Corporate and industrial security management', '1 Year'),
(4247, 6, 11, 136, 'PGD in Digester & national security management', '1 Year'),
(4248, 6, 11, 136, 'PGD in Distribution & marketing', '1 Year'),
(4249, 6, 11, 136, 'PGD in Drug store management', '1 Year'),
(4250, 6, 11, 136, 'PGD in Education management', '1 Year'),
(4251, 6, 11, 136, 'PGD in Energy management', '1 Year'),
(4252, 6, 11, 136, 'PGD in Entrepreneurships and development', '1 Year'),
(4253, 6, 11, 136, 'PGD in Entrepreneurships and human relation', '1 Year'),
(4254, 6, 11, 136, 'PGD in Environment & disaster management', '1 Year'),
(4255, 6, 11, 136, 'PGD in Environmental management (PGDEM)', '1 Year'),
(4256, 6, 11, 136, 'PGD in Event management', '1 Year'),
(4257, 6, 11, 136, 'PGD in Event management &public relations', '1 Year'),
(4258, 6, 11, 136, 'PGD in Event management & activation', '1 Year'),
(4259, 6, 11, 136, 'PGD in Export management', '1 Year'),
(4260, 6, 11, 136, 'PGD in Export marketing', '1 Year'),
(4261, 6, 11, 136, 'PGD in Export ? import & international finance', '1 Year'),
(4262, 6, 11, 136, 'PGD in Facility management', '1 Year'),
(4263, 6, 11, 136, 'PGD in Family business', '1 Year'),
(4264, 6, 11, 136, 'PGD in Fashion retail management', '1 Year'),
(4265, 6, 11, 136, 'PGD in Financial management', '1 Year'),
(4266, 6, 11, 136, 'PGD in financial planning', '1 Year'),
(4267, 6, 11, 136, 'PGD in Financial planning and wealth management', '1 Year'),
(4268, 6, 11, 136, 'PGD in Fire and safety management', '1 Year'),
(4269, 6, 11, 136, 'PGD in Fitness management', '1 Year'),
(4270, 6, 11, 136, 'PGD in Foreign trade', '1 Year'),
(4271, 6, 11, 136, 'PGD in Health care management hospital operation management and medical tourism', '1 Year'),
(4272, 6, 11, 136, 'PGD in Health care services management', '1 Year'),
(4273, 6, 11, 136, 'PGD in Health information management', '1 Year'),
(4274, 6, 11, 136, 'PGD in Health, safety and environment', '1 Year'),
(4275, 6, 11, 136, 'PGD in Hospital administration and management', '1 Year'),
(4276, 6, 11, 136, 'PGD in Hospital management', '1 Year'),
(4277, 6, 11, 136, 'PGD in Hospital management and health care', '1 Year'),
(4278, 6, 11, 136, 'PGD in Hotel hospitality administration', '1 Year'),
(4279, 6, 11, 136, 'PGD in Hotel management', '1 Year'),
(4280, 6, 11, 136, 'PGD in Hotel management catering & tourism technology', '1 Year'),
(4281, 6, 11, 136, 'PGD in Housekeeping management', '1 Year'),
(4282, 6, 11, 136, 'PGD in Human resource management and information technology', '1 Year'),
(4283, 6, 11, 136, 'PGD in Human resource development', '1 Year'),
(4284, 6, 11, 136, 'PGD in Human resource development and industrial harmony', '1 Year'),
(4285, 6, 11, 136, 'PGD in Human resource management', '1 Year'),
(4286, 6, 11, 136, 'PGD in Import and export management', '1 Year'),
(4287, 6, 11, 136, 'PGD in Industrial engineering', '1 Year'),
(4288, 6, 11, 136, 'PGD in Industrial management', '1 Year'),
(4289, 6, 11, 136, 'PGD in Industrial safety and environmental management', '1 Year'),
(4290, 6, 11, 136, 'PGD in Industrial safety management', '1 Year'),
(4291, 6, 11, 136, 'PGD in Information technology management', '1 Year'),
(4292, 6, 11, 136, 'PGD in Infrastructure management', '1 Year'),
(4293, 6, 11, 136, 'PGD in Innovation and corporate entrepreneurship', '1 Year'),
(4294, 6, 11, 136, 'PGD in Insurance administration integrated marketing communication', '1 Year'),
(4295, 6, 11, 136, 'PGD in International business', '1 Year'),
(4296, 6, 11, 136, 'PGD in International business for young managers', '1 Year'),
(4297, 6, 11, 136, 'PGD in International business strategy', '1 Year'),
(4298, 6, 11, 136, 'PGD in Information technology management', '1 Year'),
(4299, 6, 11, 136, 'PGD in Infrastructure management', '1 Year'),
(4300, 6, 11, 136, 'PGD in Innovation and corporate entrepreneurship', '1 Year'),
(4301, 6, 11, 136, 'PGD in Insurance administration', '1 Year'),
(4302, 6, 11, 136, 'PGD in Integrated marketing communication', '1 Year'),
(4303, 6, 11, 136, 'PGD in International marketing', '1 Year'),
(4304, 6, 11, 136, 'PGD in Logistics and retail management', '1 Year'),
(4305, 6, 11, 136, 'PGD in Logistics and supply chain management', '1 Year'),
(4306, 6, 11, 136, 'PGD in Management and business administration', '1 Year'),
(4307, 6, 11, 136, 'PGD in Management (executive)', '1 Year'),
(4308, 6, 11, 136, 'PGD in Management (lighting technology and energy management)', '1 Year'),
(4309, 6, 11, 136, 'PGD in Management ? bio technology', '1 Year'),
(4310, 6, 11, 136, 'PGD in Management ? financial engineering', '1 Year'),
(4311, 6, 11, 136, 'PGD in Management ? PGDM', '1 Year'),
(4312, 6, 11, 136, 'PGD in Management ? retail', '1 Year'),
(4313, 6, 11, 136, 'PGD in Management healthcare and pharmaceutical management', '1 Year'),
(4314, 6, 11, 136, 'PGD in Management of insurance sector', '1 Year'),
(4315, 6, 11, 136, 'PGD in Management in insurance business management', '1 Year'),
(4316, 6, 11, 136, 'PGD in Management ? development and sustainable finance', '1 Year'),
(4317, 6, 11, 136, 'PGD in Marketing and retail management', '1 Year'),
(4318, 6, 11, 136, 'PGD in Marketing and sales management', '1 Year'),
(4319, 6, 11, 136, 'PGD in marketing management', '1 Year'),
(4320, 6, 11, 136, 'PGD in Materials and logistics management', '1 Year'),
(4321, 6, 11, 136, 'PGD in Materials management', '1 Year'),
(4322, 6, 11, 136, 'PGD in Office management and secretarial practice', '1 Year'),
(4323, 6, 11, 136, 'PGD in Operations management', '1 Year'),
(4324, 6, 11, 136, 'PGD in Packaging', '1 Year'),
(4325, 6, 11, 136, 'PGD in Personal management', '1 Year'),
(4326, 6, 11, 136, 'PGD in Personal management and industrial relations', '1 Year'),
(4327, 6, 11, 136, 'PGD in Personal management and labour welfare', '1 Year'),
(4328, 6, 11, 136, 'PGD in Pharma management', '1 Year'),
(4329, 6, 11, 136, 'PGD in Pharmaceutical management', '1 Year'),
(4330, 6, 12, 137, 'Accounting', '3 Year'),
(4331, 6, 12, 137, 'Air travel management', '3 Year'),
(4332, 6, 12, 137, 'Auto retailing', '3 Year'),
(4333, 6, 12, 137, 'Banking and insurance', '3 Year'),
(4334, 6, 12, 137, 'Business economics', '3 Year'),
(4335, 6, 12, 137, 'Business law and ethics', '3 Year'),
(4336, 6, 12, 137, 'Business statistics', '3 Year'),
(4337, 6, 12, 137, 'Computer applications', '3 Year'),
(4338, 6, 12, 137, 'Economics', '3 Year'),
(4339, 6, 12, 137, 'Entrepreneurship', '3 Year'),
(4340, 6, 12, 137, 'Financial management', '3 Year'),
(4341, 6, 12, 137, 'Financial markets management', '3 Year'),
(4342, 6, 12, 137, 'Financial mathematics', '3 Year'),
(4343, 6, 12, 137, 'Foreign trade', '3 Year'),
(4344, 6, 12, 137, 'Hospitality & tourism', '3 Year'),
(4345, 6, 12, 137, 'Hotel management', '3 Year'),
(4346, 6, 12, 137, 'Hotel management and tourism', '3 Year'),
(4347, 6, 12, 137, 'Human resource management', '3 Year'),
(4348, 6, 12, 137, 'Information system management', '3 Year'),
(4349, 6, 12, 137, 'Information technology', '3 Year'),
(4350, 6, 12, 137, 'International business', '3 Year'),
(4351, 6, 12, 137, 'Jewellery design and management', '3 Year'),
(4352, 6, 12, 137, 'Legal management', '3 Year'),
(4353, 6, 12, 137, 'Logistics management', '3 Year'),
(4354, 6, 12, 137, 'Management', '3 Year'),
(4355, 6, 12, 137, 'Marketing', '3 Year'),
(4356, 6, 12, 137, 'Media management', '3 Year'),
(4357, 6, 12, 137, 'Oil & gas marketing', '3 Year'),
(4358, 6, 12, 137, 'Operations management', '3 Year'),
(4359, 6, 12, 137, 'Organizational behaviour', '3 Year'),
(4360, 6, 12, 137, 'Sales and marketing', '3 Year'),
(4361, 6, 12, 137, 'Strategic management', '3 Year'),
(4362, 6, 12, 137, 'Supply chain management', '3 Year'),
(4363, 6, 12, 137, 'Travel and tourism management', '3 Year'),
(4364, 6, 13, 138, 'Actuarial science', '2 Year'),
(4365, 6, 13, 138, 'Advertising management & public relations', '2 Year'),
(4366, 6, 13, 138, 'Agri ? business food process management', '2 Year'),
(4367, 6, 13, 138, 'Agri ? business input management', '2 Year'),
(4368, 6, 13, 138, 'Agri ? business technology management', '2 Year'),
(4369, 6, 13, 138, 'Agri ? business', '2 Year'),
(4370, 6, 13, 138, 'Agriculture', '2 Year'),
(4371, 6, 13, 138, 'Air travel management', '2 Year'),
(4372, 6, 13, 138, 'Airline management', '2 Year'),
(4373, 6, 13, 138, 'Airport & airline management', '2 Year'),
(4374, 6, 13, 138, 'Aviation management', '2 Year'),
(4375, 6, 13, 138, 'Ayurveda pharmacy', '2 Year'),
(4376, 6, 13, 138, 'Banking & taxation', '2 Year'),
(4377, 6, 13, 138, 'Banking and finance', '2 Year'),
(4378, 6, 13, 138, 'Banking and insurance', '2 Year'),
(4379, 6, 13, 138, 'Banking and investment', '2 Year'),
(4380, 6, 13, 138, 'Banking', '2 Year'),
(4381, 6, 13, 138, 'Behavioural science management', '2 Year'),
(4382, 6, 13, 138, 'Bioinformatics', '2 Year'),
(4383, 6, 13, 138, 'Bio technology', '2 Year'),
(4384, 6, 13, 138, 'Business analytics', '2 Year'),
(4385, 6, 13, 138, 'Business economics', '2 Year'),
(4386, 6, 13, 138, 'Business forecasting', '2 Year'),
(4387, 6, 13, 138, 'Business information system business law', '2 Year'),
(4388, 6, 13, 138, 'Business sustainability', '2 Year'),
(4389, 6, 13, 138, 'Capital market', '2 Year'),
(4390, 6, 13, 138, 'Chemical sales & marketing management', '2 Year'),
(4391, 6, 13, 138, 'Clinical research', '2 Year'),
(4392, 6, 13, 138, 'CSR management', '2 Year'),
(4393, 6, 13, 138, 'Commerce and information technology', '2 Year'),
(4394, 6, 13, 138, 'Communication management', '2 Year'),
(4395, 6, 13, 138, 'Computer management', '2 Year'),
(4396, 6, 13, 138, 'Corporate secretary ship', '2 Year'),
(4397, 6, 13, 138, 'Corporate', '2 Year'),
(4398, 6, 13, 138, 'Cost &management accounting', '2 Year'),
(4399, 6, 13, 138, 'Criminology management', '2 Year'),
(4400, 6, 13, 138, 'Cruise ship hospitality management', '2 Year'),
(4401, 6, 13, 138, 'Customer relationship management', '2 Year'),
(4402, 6, 13, 138, 'Design management', '2 Year'),
(4403, 6, 13, 138, 'Disarmament studies', '2 Year'),
(4404, 6, 13, 138, 'Disaster management', '2 Year'),
(4405, 6, 13, 138, 'E ? Business', '2 Year'),
(4406, 6, 13, 138, 'E ? Commerce', '2 Year'),
(4407, 6, 13, 138, 'Economic legislation', '2 Year'),
(4408, 6, 13, 138, 'Ecotourism management', '2 Year'),
(4409, 6, 13, 138, 'Education', '2 Year'),
(4410, 6, 13, 138, 'Energy and environment', '2 Year'),
(4411, 6, 13, 138, 'Energy management', '2 Year'),
(4412, 6, 13, 138, 'Energy trading', '2 Year'),
(4413, 6, 13, 138, 'Entrepreneurship', '2 Year'),
(4414, 6, 13, 138, 'Entrepreneurship development', '2 Year'),
(4415, 6, 13, 138, 'Environmental management', '2 Year'),
(4416, 6, 13, 138, 'Event management', '2 Year'),
(4417, 6, 13, 138, 'Executive', '2 Year'),
(4418, 6, 13, 138, 'Export management', '2 Year'),
(4419, 6, 13, 138, 'Family business and entrepreneurship', '2 Year'),
(4420, 6, 13, 138, 'Fashion design management', '2 Year'),
(4421, 6, 13, 138, 'Fashion management', '2 Year'),
(4422, 6, 13, 138, 'Fashion marketing and merchandising', '2 Year'),
(4423, 6, 13, 138, 'Fashion merchandising and retail management', '2 Year'),
(4424, 6, 13, 138, 'Fashion technology management', '2 Year'),
(4425, 6, 13, 138, 'Finance and control', '2 Year'),
(4426, 6, 13, 138, ' Finance', '2 Year'),
(4427, 6, 13, 138, 'Financial engineering', '2 Year'),
(4428, 6, 13, 138, 'Financial management', '2 Year'),
(4429, 6, 13, 138, 'Financial services', '2 Year'),
(4430, 6, 13, 138, 'Foreign trade', '2 Year'),
(4431, 6, 13, 138, 'Forensic science management', '2 Year'),
(4432, 6, 13, 138, 'Forestry & environment mgt', '2 Year'),
(4433, 6, 13, 138, 'Geo informatics management', '2 Year'),
(4434, 6, 13, 138, 'Geriatric care management', '2 Year'),
(4435, 6, 13, 138, 'Global peace and security', '2 Year'),
(4436, 6, 13, 138, 'Green business management', '2 Year'),
(4437, 6, 13, 138, 'Health care management', '2 Year'),
(4438, 6, 13, 138, 'Health service management', '2 Year'),
(4439, 6, 13, 138, 'Healthcare administration', '2 Year'),
(4440, 6, 13, 138, 'Hospital & healthcare management', '2 Year'),
(4441, 6, 13, 138, 'Hospital management', '2 Year'),
(4442, 6, 13, 138, 'Hospitality', '2 Year'),
(4443, 6, 13, 138, 'Hotel management', '2 Year'),
(4444, 6, 13, 138, 'Hotel management , tourism and catering technology', '2 Year'),
(4445, 6, 13, 138, 'Human resource management', '2 Year'),
(4446, 6, 13, 138, 'Industrial management', '2 Year'),
(4447, 6, 13, 138, 'Industry integrated', '2 Year'),
(4448, 6, 13, 138, 'Information systems', '2 Year'),
(4449, 6, 13, 138, 'Information technology', '2 Year'),
(4450, 6, 13, 138, 'Infrastructure management', '2 Year'),
(4451, 6, 13, 138, 'Infrastructure', '2 Year'),
(4452, 6, 13, 138, 'Institutional management', '2 Year'),
(4453, 6, 13, 138, 'Intellectual property rights', '2 Year'),
(4454, 6, 13, 138, 'Interior design', '2 Year'),
(4455, 6, 13, 138, 'International agribusiness', '2 Year'),
(4456, 6, 13, 138, 'International business and e ? commerce', '2 Year'),
(4457, 6, 13, 138, 'International business', '2 Year'),
(4458, 6, 13, 138, 'Investment management', '2 Year'),
(4459, 6, 13, 138, 'Logistics & shipping management', '2 Year'),
(4460, 6, 13, 138, 'Logistics and supply chain management', '2 Year'),
(4461, 6, 13, 138, 'Logistics management', '2 Year'),
(4462, 6, 13, 138, 'Macroeconomic theory and policy', '2 Year'),
(4463, 6, 13, 138, 'Managerial communications', '2 Year'),
(4464, 6, 13, 138, 'Managerial ethics', '2 Year'),
(4465, 6, 13, 138, 'Marketing management', '2 Year'),
(4466, 6, 13, 138, 'Material and logistics management', '2 Year'),
(4467, 6, 13, 138, 'Media management', '2 Year'),
(4468, 6, 13, 138, 'Materials management', '2 Year'),
(4469, 6, 13, 138, 'Media and entertainment', '2 Year'),
(4470, 6, 13, 138, 'Media and event management', '2 Year'),
(4471, 6, 13, 138, 'Medicinal management', '2 Year'),
(4472, 6, 13, 138, 'Nanotechnology', '2 Year'),
(4473, 6, 13, 138, 'Natural resource management', '2 Year'),
(4474, 6, 13, 138, 'NGO management', '2 Year'),
(4475, 6, 13, 138, 'Oil and gas management', '2 Year'),
(4476, 6, 13, 138, 'Operations management', '2 Year'),
(4477, 6, 13, 138, 'Organizational behaviour and human resource development', '2 Year'),
(4478, 6, 13, 138, 'Personnel administration', '2 Year'),
(4479, 6, 13, 138, 'Personnel management & industrial relations', '2 Year'),
(4480, 6, 13, 138, 'Pharma .technology', '2 Year'),
(4481, 6, 13, 138, 'Pharmaceutical management', '2 Year'),
(4482, 6, 13, 138, 'Police administration management', '2 Year'),
(4483, 6, 13, 138, 'Pollution control management', '2 Year'),
(4484, 6, 13, 138, 'Port & shipping management', '2 Year'),
(4485, 6, 13, 138, 'Power management', '2 Year'),
(4486, 6, 13, 138, 'Production and materials management', '2 Year'),
(4487, 6, 13, 138, 'Production and operations management system', '2 Year'),
(4488, 6, 13, 138, 'Production management I', '2 Year'),
(4489, 6, 13, 138, 'Production management II', '2 Year'),
(4490, 6, 13, 138, 'Public policy', '2 Year'),
(4491, 6, 13, 138, 'Public relations', '2 Year'),
(4492, 6, 13, 138, 'Public system management', '2 Year'),
(4493, 6, 13, 138, 'Quantitative techniques I', '2 Year'),
(4494, 6, 13, 138, 'Quantitative techniques II', '2 Year'),
(4495, 6, 13, 138, 'Real estate', '2 Year'),
(4496, 6, 13, 138, 'Retail management', '2 Year'),
(4497, 6, 13, 138, 'Risk and insurance', '2 Year'),
(4498, 6, 13, 138, 'Rural development and management', '2 Year'),
(4499, 6, 13, 138, 'Safety management', '2 Year'),
(4500, 6, 13, 138, 'EHS management', '2 Year'),
(4501, 6, 13, 138, 'Sales & marketing', '2 Year'),
(4502, 6, 13, 138, 'Sales and distribution management', '2 Year'),
(4503, 6, 13, 138, 'Service management', '2 Year'),
(4504, 6, 13, 138, 'Shipping finance', '2 Year'),
(4505, 6, 13, 138, 'Small business management', '2 Year'),
(4506, 6, 13, 138, 'Social entrepreneurship', '2 Year'),
(4507, 6, 13, 138, 'Supply chain management', '2 Year'),
(4508, 6, 13, 138, 'Sustainable development management', '2 Year'),
(4509, 6, 13, 138, 'Systems management', '2 Year'),
(4510, 6, 13, 138, 'Technology management', '2 Year'),
(4511, 6, 13, 138, 'Textiles management', '2 Year'),
(4512, 6, 13, 138, 'Tourism & hotel management', '2 Year'),
(4513, 6, 13, 138, 'Tourism administration', '2 Year'),
(4514, 6, 13, 138, 'Sports marketing management', '2 Year'),
(4515, 6, 13, 138, 'Sports production management', '2 Year'),
(4516, 6, 13, 138, 'Strategic management', '2 Year'),
(4517, 6, 13, 138, 'Tourism and hospitality management', '2 Year'),
(4518, 6, 13, 138, 'Travel & tourism', '2 Year'),
(4519, 6, 13, 138, 'Urban infrastructure and real estate management', '2 Year'),
(4520, 6, 13, 138, 'Urban management', '2 Year'),
(4521, 6, 13, 138, 'Wealth management', '2 Year'),
(4522, 6, 13, 138, 'Insurance', '2 Year'),
(4523, 6, 13, 138, 'Retail and supply chain management', '2 Year'),
(4524, 6, 13, 138, 'Small business and entrepreneurship', '2 Year'),
(4525, 6, 13, 138, 'Total quality management', '2 Year'),
(4526, 6, 13, 138, 'Master of international business', '2 Year'),
(4527, 6, 13, 138, 'Islamic finance', '2 Year'),
(4528, 6, 13, 138, 'Hospitality management', '2 Year'),
(4529, 7, 14, 139, 'Diploma in Physical Education (D.P.Ed)', '1 Year'),
(4530, 7, 14, 139, 'Diploma in Montessori Teacher Training (M.T.T)', '1 Year'),
(4531, 7, 14, 139, 'Diploma in Teachers Education (D.T.Ed)', '1 Year'),
(4532, 7, 14, 139, 'Diploma in Early Childhood Care and Education (DECCE)', '1 Year'),
(4533, 7, 14, 139, 'Diploma in Sports Teacher Training (DSTT)', '1 Year'),
(4534, 7, 14, 139, 'Diploma in Yoga Teacher Training (DYTT)', '1 Year'),
(4535, 7, 14, 139, 'Diploma in Special Needs Education (SEN / SPEd)', '1 Year'),
(4536, 7, 15, 140, 'History   (B.Ed)', '2 Year'),
(4537, 7, 15, 140, 'Mathematics  (B.Ed)', '2 Year'),
(4538, 7, 15, 140, 'Biological Sciences   (B.Ed)', '2 Year'),
(4539, 7, 15, 140, 'Natural Science  (B.Ed)', '2 Year'),
(4540, 7, 15, 140, 'Social Studies  (B.Ed)', '2 Year'),
(4541, 7, 15, 140, 'Commerce  (B.Ed)', '2 Year'),
(4542, 7, 15, 140, 'Physical Education  (B.Ed)', '2 Year'),
(4543, 7, 15, 140, 'Computer Science  (B.Ed)', '2 Year'),
(4544, 7, 15, 140, 'Physical Science  (B.Ed)', '2 Year'),
(4545, 7, 15, 140, 'Economics  (B.Ed)', '2 Year'),
(4546, 7, 15, 140, 'Special Education   (B.Ed)', '2 Year'),
(4547, 7, 15, 140, 'English  (B.Ed)', '2 Year'),
(4548, 7, 15, 140, 'Tamil  (B.Ed)', '2 Year'),
(4549, 7, 15, 140, 'Geography  (B.Ed)', '2 Year'),
(4550, 7, 15, 140, 'Mathematics  (B.Ed)', '2 Year'),
(4551, 7, 15, 140, 'Hearing Impaired  (B.Ed)', '2 Year'),
(4552, 7, 15, 140, 'Political Science  (B.Ed)', '2 Year'),
(4553, 7, 15, 140, 'Hindi  (B.Ed)', '2 Year'),
(4554, 7, 15, 140, 'Physics  (B.Ed)', '2 Year'),
(4555, 7, 15, 140, 'Home Science  (B.Ed)', '2 Year'),
(4556, 7, 15, 140, 'Chemistry  (B.Ed)', '2 Year'),
(4557, 7, 15, 140, 'Educational Technology  (M.Ed)', '2 Year'),
(4558, 7, 15, 140, 'Educational Management  (M.Ed)', '2 Year'),
(4559, 7, 15, 140, 'Women Studies  (M.Ed)', '2 Year'),
(4560, 7, 15, 140, 'Language Education  (M.Ed)', '2 Year'),
(4561, 7, 15, 140, 'Teacher Education  (M.Ed)', '2 Year'),
(4562, 7, 15, 140, 'Guidance and Counselling  (M.Ed)', '2 Year'),
(4563, 7, 15, 140, 'Special Education  (M.Ed)', '2 Year'),
(4564, 7, 15, 140, 'Environment Education  (M.Ed)', '2 Year'),
(4565, 7, 15, 140, 'Yoga Education  (M.Ed)', '2 Year'),
(4566, 7, 15, 140, 'Rural Education  (M.Ed)', '2 Year'),
(4567, 7, 16, 141, ' History', '2 Year'),
(4568, 7, 16, 141, ' Economics', '2 Year'),
(4569, 7, 16, 141, ' Linguistics', '2 Year'),
(4570, 7, 16, 141, 'English', '2 Year'),
(4571, 7, 16, 141, 'Geography', '2 Year'),
(4572, 7, 16, 141, ' Sociology', '2 Year'),
(4573, 7, 16, 141, 'Political Science', '2 Year'),
(4574, 7, 16, 141, 'Hindi', '2 Year'),
(4575, 7, 16, 141, ' Public Administration', '2 Year'),
(4576, 7, 16, 141, ' Humanities & Social Science', '2 Year'),
(4577, 7, 16, 141, 'Human Development Studies', '2 Year'),
(4578, 7, 16, 141, ' Social Work', '2 Year'),
(4579, 7, 16, 141, ' Applied and Regional Economics', '2 Year'),
(4580, 7, 16, 141, 'Arts (MPhil & PhD)', '2 Year'),
(4581, 7, 16, 141, 'Biology', '2 Year'),
(4582, 7, 16, 141, ' Chemistry', '2 Year'),
(4583, 7, 16, 141, ' Physics', '2 Year'),
(4584, 7, 16, 141, ' Life Sciences', '2 Year'),
(4585, 7, 16, 141, 'Biotechnology', '2 Year'),
(4586, 7, 16, 141, 'Botany', '2 Year'),
(4587, 7, 16, 141, 'Computer Science', '2 Year'),
(4588, 7, 16, 141, 'Zoology and Bioscience', '2 Year'),
(4589, 7, 16, 141, ' Clinical Psychology', '2 Year'),
(4590, 7, 16, 141, 'Mathematical Sciences', '2 Year'),
(4591, 7, 16, 141, ' Aquatic Biology and Fisheries', '2 Year'),
(4592, 7, 16, 141, 'Commerce', '2 Year'),
(4593, 7, 16, 141, 'Law', '2 Year'),
(4594, 7, 16, 141, 'Education', '2 Year'),
(4595, 7, 16, 141, 'Physical Education', '2 Year'),
(4596, 7, 17, 142, 'B.P.Ed (Bachelor in Physical Education)', '2 Year'),
(4597, 7, 17, 142, 'M.P.Ed( Master in Physical Education)', '2 Year'),
(4598, 8, 18, 143, 'Aeronautical engineering', '4 Year'),
(4599, 8, 18, 143, 'Agriculture engineering', '4 Year'),
(4600, 8, 18, 143, 'Automobile engineering', '4 Year'),
(4601, 8, 18, 143, 'Bio medical engineering', '4 Year'),
(4602, 8, 18, 143, 'Building engineering and management', '4 Year'),
(4603, 8, 18, 143, 'Chemical engineering', '4 Year'),
(4604, 8, 18, 143, 'Civil engineering', '4 Year'),
(4605, 8, 18, 143, 'Computer science and engineering', '4 Year'),
(4606, 8, 18, 143, 'Dairy engineering', '4 Year'),
(4607, 8, 18, 143, 'Electrical and electronics engineering', '4 Year'),
(4608, 8, 18, 143, 'Electrical and instrumentation engineering', '4 Year'),
(4609, 8, 18, 143, 'Electrical engineering', '4 Year'),
(4610, 8, 18, 143, 'Electronics and communications engineering', '4 Year'),
(4611, 8, 18, 143, 'Engineering geology', '4 Year'),
(4612, 8, 18, 143, 'Environmental engineering', '4 Year'),
(4613, 8, 18, 143, 'Food engineering and technology', '4 Year'),
(4614, 8, 18, 143, 'Footwear science and engineering', '4 Year'),
(4615, 8, 18, 143, 'Informatics and language engineering', '4 Year'),
(4616, 8, 18, 143, 'Instrumentation and control engineering', '4 Year'),
(4617, 8, 18, 143, 'Irrigation and water management engineering', '4 Year'),
(4618, 8, 18, 143, 'Mechanical engineering', '4 Year'),
(4619, 8, 18, 143, 'Metallurgical and materials engineering', '4 Year'),
(4620, 8, 18, 143, 'Network engineering', '4 Year'),
(4621, 8, 18, 143, 'Petroleum engineering', '4 Year'),
(4622, 8, 18, 143, 'Plastic engineering', '4 Year'),
(4623, 8, 18, 143, 'Production engineering', '4 Year'),
(4624, 8, 18, 143, 'Software engineering', '4 Year'),
(4625, 8, 18, 143, 'Structural engineering', '4 Year'),
(4626, 8, 18, 143, 'Thermal engineering', '4 Year'),
(4627, 8, 18, 143, 'Water resources engineering', '4 Year'),
(4628, 8, 19, 144, 'Business administristration', '4 Year'),
(4629, 8, 19, 144, 'Business management', '4 Year'),
(4630, 8, 19, 144, 'Disaster management', '4 Year'),
(4631, 8, 19, 144, 'Energy and environmental planning', '4 Year'),
(4632, 8, 19, 144, 'Energy economics', '4 Year'),
(4633, 8, 19, 144, 'Energy efficiency in buildings', '4 Year'),
(4634, 8, 19, 144, 'Energy management', '4 Year'),
(4635, 8, 19, 144, 'Environment management', '4 Year'),
(4636, 8, 19, 144, 'Hospitality', '4 Year'),
(4637, 8, 19, 144, 'Industrial management', '4 Year'),
(4638, 8, 19, 144, 'Management studies', '4 Year'),
(4639, 8, 19, 144, 'Marketing', '4 Year'),
(4640, 8, 19, 144, 'Operational research', '4 Year'),
(4641, 8, 19, 144, 'Rural management', '4 Year'),
(4642, 8, 19, 144, 'Strategic management', '4 Year'),
(4643, 8, 19, 144, 'Tourism management  ', '4 Year'),
(4644, 8, 20, 145, 'Anatomy', '4 Year'),
(4645, 8, 20, 145, 'Animal breeding and genetics', '4 Year'),
(4646, 8, 20, 145, 'Animal husbandry extension education', '4 Year'),
(4647, 8, 20, 145, 'Animal nutrition', '4 Year'),
(4648, 8, 20, 145, 'Animal science', '4 Year'),
(4649, 8, 20, 145, 'Anthropology', '4 Year'),
(4650, 8, 20, 145, 'Apparel and textiles', '4 Year'),
(4651, 8, 20, 145, 'Applied chemistry', '4 Year'),
(4652, 8, 20, 145, 'Applied mathematics', '4 Year'),
(4653, 8, 20, 145, 'Applied physics', '4 Year'),
(4654, 8, 20, 145, 'Aquaculture', '4 Year'),
(4655, 8, 20, 145, 'Aquatic biology and fisheries', '4 Year'),
(4656, 8, 20, 145, 'Aquatic environment management', '4 Year'),
(4657, 8, 20, 145, 'Astronomy', '4 Year'),
(4658, 8, 20, 145, 'Atmospheric sciences', '4 Year'),
(4659, 8, 20, 145, 'Bioinformatics', '4 Year'),
(4660, 8, 20, 145, 'Botany', '4 Year'),
(4661, 8, 20, 145, 'Chemical sciences', '4 Year'),
(4662, 8, 20, 145, 'Chemical thermodynamics', '4 Year'),
(4663, 8, 20, 145, 'Chemistry', '4 Year'),
(4664, 8, 20, 145, 'Computational linguistics', '4 Year'),
(4665, 8, 20, 145, 'Computer science', '4 Year'),
(4666, 8, 20, 145, 'Computer science and applications', '4 Year'),
(4667, 8, 20, 145, 'Converging technology', '4 Year'),
(4668, 8, 20, 145, 'Design', '4 Year'),
(4669, 8, 20, 145, 'Digital electronics', '4 Year'),
(4670, 8, 20, 145, 'Disciplines of forensic sciences', '4 Year'),
(4671, 8, 20, 145, 'Earth science', '4 Year'),
(4672, 8, 20, 145, 'Ecology', '4 Year'),
(4673, 8, 20, 145, 'Electro chemistry', '4 Year'),
(4674, 8, 20, 145, 'Environmental science', '4 Year'),
(4675, 8, 20, 145, 'Family resource management', '4 Year'),
(4676, 8, 20, 145, 'Fish cytogenetic pollution and toxicology', '4 Year'),
(4677, 8, 20, 145, 'Fish processing technology', '4 Year'),
(4678, 8, 20, 145, 'Fisheries microbiology', '4 Year'),
(4679, 8, 20, 145, 'Fisheries resources and management', '4 Year'),
(4680, 8, 20, 145, 'Fisheries sciences', '4 Year'),
(4681, 8, 20, 145, 'Floriculture and landscaping', '4 Year'),
(4682, 8, 20, 145, 'Fluid dynamics', '4 Year'),
(4683, 8, 20, 145, 'Fluid mechanics', '4 Year'),
(4684, 8, 20, 145, 'Food and dairy technology', '4 Year'),
(4685, 8, 20, 145, 'Food and nutrition', '4 Year'),
(4686, 8, 20, 145, 'Food science and nutrition', '4 Year'),
(4687, 8, 20, 145, 'Food science and technology', '4 Year'),
(4688, 8, 20, 145, 'Food service management and dietetics', '4 Year'),
(4689, 8, 20, 145, 'Geological sciences', '4 Year'),
(4690, 8, 20, 145, 'Geology', '4 Year'),
(4691, 8, 20, 145, 'Graph theory', '4 Year'),
(4692, 8, 20, 145, 'Home science', '4 Year'),
(4693, 8, 20, 145, 'Home science extension education', '4 Year'),
(4694, 8, 20, 145, 'Human development and family studies', '4 Year'),
(4695, 8, 20, 145, 'Human genetics', '4 Year'),
(4696, 8, 20, 145, 'Human nutrition', '4 Year'),
(4697, 8, 20, 145, 'Hydrobiology', '4 Year'),
(4698, 8, 20, 145, 'Industrial chemistry', '4 Year'),
(4699, 8, 20, 145, 'Inorganic chemistry (nuclear and radiochemistry)', '4 Year'),
(4700, 8, 20, 145, 'Ion exchange', '4 Year'),
(4701, 8, 20, 145, 'Kinematics', '4 Year'),
(4702, 8, 20, 145, 'Life science zoology/botany', '4 Year'),
(4703, 8, 20, 145, 'Livestock production and management', '4 Year');

-- --------------------------------------------------------

--
-- Table structure for table `jiier_program`
--

CREATE TABLE `jiier_program` (
  `id` int(10) NOT NULL,
  `program_name` varchar(100) NOT NULL,
  `degree_details` varchar(5000) NOT NULL
) ENGINE=InnoDB DEFAULT CHARSET=latin1;

--
-- Dumping data for table `jiier_program`
--

INSERT INTO `jiier_program` (`id`, `program_name`, `degree_details`) VALUES
(1, 'Engineering', ''),
(2, 'Skill Development', ''),
(3, 'Vocational Training', ''),
(4, 'Science And Humanities', ''),
(5, 'Medical', ''),
(6, 'Management', ''),
(7, 'Education', ''),
(8, 'Research', '');

-- --------------------------------------------------------

--
-- Table structure for table `jiier_students`
--

CREATE TABLE `jiier_students` (
  `id` int(11) NOT NULL,
  `full_name` varchar(50) NOT NULL,
  `gender` varchar(10) NOT NULL,
  `email` varchar(20) NOT NULL,
  `password` varchar(20) NOT NULL,
  `mobile` int(21) NOT NULL,
  `user_type` varchar(10) NOT NULL,
  `address` varchar(200) NOT NULL,
  `status` varchar(10) NOT NULL,
  `date` date NOT NULL,
  `user_id` int(10) NOT NULL,
  `photo` varchar(100) NOT NULL
) ENGINE=InnoDB DEFAULT CHARSET=latin1;

--
-- Dumping data for table `jiier_students`
--

INSERT INTO `jiier_students` (`id`, `full_name`, `gender`, `email`, `password`, `mobile`, `user_type`, `address`, `status`, `date`, `user_id`, `photo`) VALUES
(1, 'JB Tech a', '1', '', 'jbtechconstruction@g', 0, '9789210323', 'Active', '2334', '2022-01-01', 0, '');

-- --------------------------------------------------------

--
-- Table structure for table `jiier_users`
--

CREATE TABLE `jiier_users` (
  `id` int(11) NOT NULL,
  `company_id` int(50) NOT NULL,
  `full_name` varchar(50) DEFAULT NULL,
  `email` varchar(50) DEFAULT NULL,
  `password` varchar(50) DEFAULT NULL,
  `mobile` varchar(50) DEFAULT NULL,
  `address` varchar(500) DEFAULT NULL,
  `user_type` varchar(10) DEFAULT NULL,
  `status` varchar(10) DEFAULT NULL,
  `photo` varchar(10) DEFAULT NULL
) ENGINE=InnoDB DEFAULT CHARSET=latin1;

--
-- Dumping data for table `jiier_users`
--

INSERT INTO `jiier_users` (`id`, `company_id`, `full_name`, `email`, `password`, `mobile`, `address`, `user_type`, `status`, `photo`) VALUES
(1, 0, 'JIIER', 'jiier@gmail.com', '12345', '2016043255', '43 Van Wagenen\r\nAve Apt#2i', 'Superadmin', 'Active', ''),
(2, 2, 'Admin Center', 'admin@gmail.com', '12345', '2016043255', '43 Van Wagenen\r\nAve Apt#2i', 'Admin', 'Active', '15.jpeg');

--
-- Indexes for dumped tables
--

--
-- Indexes for table `jiier_degree`
--
ALTER TABLE `jiier_degree`
  ADD PRIMARY KEY (`id`);

--
-- Indexes for table `jiier_degree_type`
--
ALTER TABLE `jiier_degree_type`
  ADD PRIMARY KEY (`id`);

--
-- Indexes for table `jiier_fees`
--
ALTER TABLE `jiier_fees`
  ADD PRIMARY KEY (`id`);

--
-- Indexes for table `jiier_paper`
--
ALTER TABLE `jiier_paper`
  ADD PRIMARY KEY (`id`);

--
-- Indexes for table `jiier_program`
--
ALTER TABLE `jiier_program`
  ADD PRIMARY KEY (`id`);

--
-- Indexes for table `jiier_students`
--
ALTER TABLE `jiier_students`
  ADD PRIMARY KEY (`id`);

--
-- Indexes for table `jiier_users`
--
ALTER TABLE `jiier_users`
  ADD PRIMARY KEY (`id`);

--
-- AUTO_INCREMENT for dumped tables
--

--
-- AUTO_INCREMENT for table `jiier_degree`
--
ALTER TABLE `jiier_degree`
  MODIFY `id` int(10) NOT NULL AUTO_INCREMENT, AUTO_INCREMENT=21;
--
-- AUTO_INCREMENT for table `jiier_degree_type`
--
ALTER TABLE `jiier_degree_type`
  MODIFY `id` int(10) NOT NULL AUTO_INCREMENT, AUTO_INCREMENT=146;
--
-- AUTO_INCREMENT for table `jiier_fees`
--
ALTER TABLE `jiier_fees`
  MODIFY `id` int(10) NOT NULL AUTO_INCREMENT, AUTO_INCREMENT=16;
--
-- AUTO_INCREMENT for table `jiier_paper`
--
ALTER TABLE `jiier_paper`
  MODIFY `id` int(10) NOT NULL AUTO_INCREMENT, AUTO_INCREMENT=4704;
--
-- AUTO_INCREMENT for table `jiier_program`
--
ALTER TABLE `jiier_program`
  MODIFY `id` int(10) NOT NULL AUTO_INCREMENT, AUTO_INCREMENT=9;
--
-- AUTO_INCREMENT for table `jiier_students`
--
ALTER TABLE `jiier_students`
  MODIFY `id` int(11) NOT NULL AUTO_INCREMENT, AUTO_INCREMENT=2;
--
-- AUTO_INCREMENT for table `jiier_users`
--
ALTER TABLE `jiier_users`
  MODIFY `id` int(11) NOT NULL AUTO_INCREMENT, AUTO_INCREMENT=3;
/*!40101 SET CHARACTER_SET_CLIENT=@OLD_CHARACTER_SET_CLIENT */;
/*!40101 SET CHARACTER_SET_RESULTS=@OLD_CHARACTER_SET_RESULTS */;
/*!40101 SET COLLATION_CONNECTION=@OLD_COLLATION_CONNECTION */;
